f_S[GHz],real(Zin),imag(Zin),,,
-15,2.62E-03,5.258,,,
-14.99,2.63E-03,5.262,,,
-14.98,2.63E-03,5.265,,,
-14.97,2.63E-03,5.269,,,
-14.96,2.64E-03,5.272,,,
-14.95,2.64E-03,5.276,,,
-14.94,2.64E-03,5.279,,,
-14.93,2.65E-03,5.283,,,
-14.92,2.65E-03,5.286,,,
-14.91,2.65E-03,5.29,,,
-14.9,2.66E-03,5.293,,,
-14.89,2.66E-03,5.297,,,
-14.88,2.66E-03,5.301,,,
-14.87,2.67E-03,5.304,,,
-14.86,2.67E-03,5.308,,,
-14.85,2.67E-03,5.311,,,
-14.84,2.68E-03,5.315,,,
-14.83,2.68E-03,5.318,,,
-14.82,2.68E-03,5.322,,,
-14.81,2.69E-03,5.326,,,
-14.8,2.69E-03,5.329,,,
-14.79,2.69E-03,5.333,,,
-14.78,2.70E-03,5.336,,,
-14.77,2.70E-03,5.34,,,
-14.76,2.70E-03,5.344,,,
-14.75,2.71E-03,5.347,,,
-14.74,2.71E-03,5.351,,,
-14.73,2.71E-03,5.355,,,
-14.72,2.72E-03,5.358,,,
-14.71,2.72E-03,5.362,,,
-14.7,2.72E-03,5.365,,,
-14.69,2.73E-03,5.369,,,
-14.68,2.73E-03,5.373,,,
-14.67,2.73E-03,5.376,,,
-14.66,2.74E-03,5.38,,,
-14.65,2.74E-03,5.384,,,
-14.64,2.74E-03,5.387,,,
-14.63,2.75E-03,5.391,,,
-14.62,2.75E-03,5.395,,,
-14.61,2.75E-03,5.399,,,
-14.6,2.76E-03,5.402,,,
-14.59,2.76E-03,5.406,,,
-14.58,2.76E-03,5.41,,,
-14.57,2.77E-03,5.413,,,
-14.56,2.77E-03,5.417,,,
-14.55,2.78E-03,5.421,,,
-14.54,2.78E-03,5.425,,,
-14.53,2.78E-03,5.428,,,
-14.52,2.79E-03,5.432,,,
-14.51,2.79E-03,5.436,,,
-14.5,2.79E-03,5.44,,,
-14.49,2.80E-03,5.443,,,
-14.48,2.80E-03,5.447,,,
-14.47,2.80E-03,5.451,,,
-14.46,2.81E-03,5.455,,,
-14.45,2.81E-03,5.458,,,
-14.44,2.81E-03,5.462,,,
-14.43,2.82E-03,5.466,,,
-14.42,2.82E-03,5.47,,,
-14.41,2.83E-03,5.474,,,
-14.4,2.83E-03,5.477,,,
-14.39,2.83E-03,5.481,,,
-14.38,2.84E-03,5.485,,,
-14.37,2.84E-03,5.489,,,
-14.36,2.84E-03,5.493,,,
-14.35,2.85E-03,5.496,,,
-14.34,2.85E-03,5.5,,,
-14.33,2.85E-03,5.504,,,
-14.32,2.86E-03,5.508,,,
-14.31,2.86E-03,5.512,,,
-14.3,2.87E-03,5.516,,,
-14.29,2.87E-03,5.52,,,
-14.28,2.87E-03,5.523,,,
-14.27,2.88E-03,5.527,,,
-14.26,2.88E-03,5.531,,,
-14.25,2.88E-03,5.535,,,
-14.24,2.89E-03,5.539,,,
-14.23,2.89E-03,5.543,,,
-14.22,2.90E-03,5.547,,,
-14.21,2.90E-03,5.551,,,
-14.2,2.90E-03,5.555,,,
-14.19,2.91E-03,5.559,,,
-14.18,2.91E-03,5.562,,,
-14.17,2.91E-03,5.566,,,
-14.16,2.92E-03,5.57,,,
-14.15,2.92E-03,5.574,,,
-14.14,2.93E-03,5.578,,,
-14.13,2.93E-03,5.582,,,
-14.12,2.93E-03,5.586,,,
-14.11,2.94E-03,5.59,,,
-14.1,2.94E-03,5.594,,,
-14.09,2.94E-03,5.598,,,
-14.08,2.95E-03,5.602,,,
-14.07,2.95E-03,5.606,,,
-14.06,2.96E-03,5.61,,,
-14.05,2.96E-03,5.614,,,
-14.04,2.96E-03,5.618,,,
-14.03,2.97E-03,5.622,,,
-14.02,2.97E-03,5.626,,,
-14.01,2.98E-03,5.63,,,
-14,2.98E-03,5.634,,,
-13.99,2.98E-03,5.638,,,
-13.98,2.99E-03,5.642,,,
-13.97,2.99E-03,5.646,,,
-13.96,3.00E-03,5.65,,,
-13.95,3.00E-03,5.654,,,
-13.94,3.00E-03,5.658,,,
-13.93,3.01E-03,5.662,,,
-13.92,3.01E-03,5.666,,,
-13.91,3.01E-03,5.671,,,
-13.9,3.02E-03,5.675,,,
-13.89,3.02E-03,5.679,,,
-13.88,3.03E-03,5.683,,,
-13.87,3.03E-03,5.687,,,
-13.86,3.03E-03,5.691,,,
-13.85,3.04E-03,5.695,,,
-13.84,3.04E-03,5.699,,,
-13.83,3.05E-03,5.703,,,
-13.82,3.05E-03,5.707,,,
-13.81,3.06E-03,5.712,,,
-13.8,3.06E-03,5.716,,,
-13.79,3.06E-03,5.72,,,
-13.78,3.07E-03,5.724,,,
-13.77,3.07E-03,5.728,,,
-13.76,3.08E-03,5.732,,,
-13.75,3.08E-03,5.737,,,
-13.74,3.08E-03,5.741,,,
-13.73,3.09E-03,5.745,,,
-13.72,3.09E-03,5.749,,,
-13.71,3.10E-03,5.753,,,
-13.7,3.10E-03,5.758,,,
-13.69,3.10E-03,5.762,,,
-13.68,3.11E-03,5.766,,,
-13.67,3.11E-03,5.77,,,
-13.66,3.12E-03,5.774,,,
-13.65,3.12E-03,5.779,,,
-13.64,3.13E-03,5.783,,,
-13.63,3.13E-03,5.787,,,
-13.62,3.13E-03,5.791,,,
-13.61,3.14E-03,5.796,,,
-13.6,3.14E-03,5.8,,,
-13.59,3.15E-03,5.804,,,
-13.58,3.15E-03,5.808,,,
-13.57,3.15E-03,5.813,,,
-13.56,3.16E-03,5.817,,,
-13.55,3.16E-03,5.821,,,
-13.54,3.17E-03,5.826,,,
-13.53,3.17E-03,5.83,,,
-13.52,3.18E-03,5.834,,,
-13.51,3.18E-03,5.839,,,
-13.5,3.18E-03,5.843,,,
-13.49,3.19E-03,5.847,,,
-13.48,3.19E-03,5.852,,,
-13.47,3.20E-03,5.856,,,
-13.46,3.20E-03,5.86,,,
-13.45,3.21E-03,5.865,,,
-13.44,3.21E-03,5.869,,,
-13.43,3.21E-03,5.873,,,
-13.42,3.22E-03,5.878,,,
-13.41,3.22E-03,5.882,,,
-13.4,3.23E-03,5.887,,,
-13.39,3.23E-03,5.891,,,
-13.38,3.24E-03,5.895,,,
-13.37,3.24E-03,5.9,,,
-13.36,3.25E-03,5.904,,,
-13.35,3.25E-03,5.909,,,
-13.34,3.25E-03,5.913,,,
-13.33,3.26E-03,5.918,,,
-13.32,3.26E-03,5.922,,,
-13.31,3.27E-03,5.926,,,
-13.3,3.27E-03,5.931,,,
-13.29,3.28E-03,5.935,,,
-13.28,3.28E-03,5.94,,,
-13.27,3.29E-03,5.944,,,
-13.26,3.29E-03,5.949,,,
-13.25,3.29E-03,5.953,,,
-13.24,3.30E-03,5.958,,,
-13.23,3.30E-03,5.962,,,
-13.22,3.31E-03,5.967,,,
-13.21,3.31E-03,5.971,,,
-13.2,3.32E-03,5.976,,,
-13.19,3.32E-03,5.98,,,
-13.18,3.33E-03,5.985,,,
-13.17,3.33E-03,5.99,,,
-13.16,3.34E-03,5.994,,,
-13.15,3.34E-03,5.999,,,
-13.14,3.35E-03,6.003,,,
-13.13,3.35E-03,6.008,,,
-13.12,3.35E-03,6.012,,,
-13.11,3.36E-03,6.017,,,
-13.1,3.36E-03,6.022,,,
-13.09,3.37E-03,6.026,,,
-13.08,3.37E-03,6.031,,,
-13.07,3.38E-03,6.035,,,
-13.06,3.38E-03,6.04,,,
-13.05,3.39E-03,6.045,,,
-13.04,3.39E-03,6.049,,,
-13.03,3.40E-03,6.054,,,
-13.02,3.40E-03,6.059,,,
-13.01,3.41E-03,6.063,,,
-13,3.41E-03,6.068,,,
-12.99,3.42E-03,6.073,,,
-12.98,3.42E-03,6.077,,,
-12.97,3.42E-03,6.082,,,
-12.96,3.43E-03,6.087,,,
-12.95,3.43E-03,6.091,,,
-12.94,3.44E-03,6.096,,,
-12.93,3.44E-03,6.101,,,
-12.92,3.45E-03,6.106,,,
-12.91,3.45E-03,6.11,,,
-12.9,3.46E-03,6.115,,,
-12.89,3.46E-03,6.12,,,
-12.88,3.47E-03,6.125,,,
-12.87,3.47E-03,6.129,,,
-12.86,3.48E-03,6.134,,,
-12.85,3.48E-03,6.139,,,
-12.84,3.49E-03,6.144,,,
-12.83,3.49E-03,6.148,,,
-12.82,3.50E-03,6.153,,,
-12.81,3.50E-03,6.158,,,
-12.8,3.51E-03,6.163,,,
-12.79,3.51E-03,6.168,,,
-12.78,3.52E-03,6.173,,,
-12.77,3.52E-03,6.177,,,
-12.76,3.53E-03,6.182,,,
-12.75,3.53E-03,6.187,,,
-12.74,3.54E-03,6.192,,,
-12.73,3.54E-03,6.197,,,
-12.72,3.55E-03,6.202,,,
-12.71,3.55E-03,6.207,,,
-12.7,3.56E-03,6.211,,,
-12.69,3.56E-03,6.216,,,
-12.68,3.57E-03,6.221,,,
-12.67,3.57E-03,6.226,,,
-12.66,3.58E-03,6.231,,,
-12.65,3.58E-03,6.236,,,
-12.64,3.59E-03,6.241,,,
-12.63,3.59E-03,6.246,,,
-12.62,3.60E-03,6.251,,,
-12.61,3.60E-03,6.256,,,
-12.6,3.61E-03,6.261,,,
-12.59,3.61E-03,6.266,,,
-12.58,3.62E-03,6.271,,,
-12.57,3.62E-03,6.276,,,
-12.56,3.63E-03,6.281,,,
-12.55,3.63E-03,6.286,,,
-12.54,3.64E-03,6.291,,,
-12.53,3.65E-03,6.296,,,
-12.52,3.65E-03,6.301,,,
-12.51,3.66E-03,6.306,,,
-12.5,3.66E-03,6.311,,,
-12.49,3.67E-03,6.316,,,
-12.48,3.67E-03,6.321,,,
-12.47,3.68E-03,6.326,,,
-12.46,3.68E-03,6.331,,,
-12.45,3.69E-03,6.336,,,
-12.44,3.69E-03,6.341,,,
-12.43,3.70E-03,6.347,,,
-12.42,3.70E-03,6.352,,,
-12.41,3.71E-03,6.357,,,
-12.4,3.71E-03,6.362,,,
-12.39,3.72E-03,6.367,,,
-12.38,3.72E-03,6.372,,,
-12.37,3.73E-03,6.377,,,
-12.36,3.74E-03,6.383,,,
-12.35,3.74E-03,6.388,,,
-12.34,3.75E-03,6.393,,,
-12.33,3.75E-03,6.398,,,
-12.32,3.76E-03,6.403,,,
-12.31,3.76E-03,6.409,,,
-12.3,3.77E-03,6.414,,,
-12.29,3.77E-03,6.419,,,
-12.28,3.78E-03,6.424,,,
-12.27,3.78E-03,6.429,,,
-12.26,3.79E-03,6.435,,,
-12.25,3.80E-03,6.44,,,
-12.24,3.80E-03,6.445,,,
-12.23,3.81E-03,6.451,,,
-12.22,3.81E-03,6.456,,,
-12.21,3.82E-03,6.461,,,
-12.2,3.82E-03,6.466,,,
-12.19,3.83E-03,6.472,,,
-12.18,3.84E-03,6.477,,,
-12.17,3.84E-03,6.482,,,
-12.16,3.85E-03,6.488,,,
-12.15,3.85E-03,6.493,,,
-12.14,3.86E-03,6.498,,,
-12.13,3.86E-03,6.504,,,
-12.12,3.87E-03,6.509,,,
-12.11,3.87E-03,6.515,,,
-12.1,3.88E-03,6.52,,,
-12.09,3.89E-03,6.525,,,
-12.08,3.89E-03,6.531,,,
-12.07,3.90E-03,6.536,,,
-12.06,3.90E-03,6.542,,,
-12.05,3.91E-03,6.547,,,
-12.04,3.92E-03,6.552,,,
-12.03,3.92E-03,6.558,,,
-12.02,3.93E-03,6.563,,,
-12.01,3.93E-03,6.569,,,
-12,3.94E-03,6.574,,,
-11.99,3.94E-03,6.58,,,
-11.98,3.95E-03,6.585,,,
-11.97,3.96E-03,6.591,,,
-11.96,3.96E-03,6.596,,,
-11.95,3.97E-03,6.602,,,
-11.94,3.97E-03,6.607,,,
-11.93,3.98E-03,6.613,,,
-11.92,3.99E-03,6.619,,,
-11.91,3.99E-03,6.624,,,
-11.9,4.00E-03,6.63,,,
-11.89,4.00E-03,6.635,,,
-11.88,4.01E-03,6.641,,,
-11.87,4.02E-03,6.646,,,
-11.86,4.02E-03,6.652,,,
-11.85,4.03E-03,6.658,,,
-11.84,4.03E-03,6.663,,,
-11.83,4.04E-03,6.669,,,
-11.82,4.05E-03,6.675,,,
-11.81,4.05E-03,6.68,,,
-11.8,4.06E-03,6.686,,,
-11.79,4.06E-03,6.692,,,
-11.78,4.07E-03,6.697,,,
-11.77,4.08E-03,6.703,,,
-11.76,4.08E-03,6.709,,,
-11.75,4.09E-03,6.714,,,
-11.74,4.09E-03,6.72,,,
-11.73,4.10E-03,6.726,,,
-11.72,4.11E-03,6.732,,,
-11.71,4.11E-03,6.737,,,
-11.7,4.12E-03,6.743,,,
-11.69,4.13E-03,6.749,,,
-11.68,4.13E-03,6.755,,,
-11.67,4.14E-03,6.761,,,
-11.66,4.14E-03,6.766,,,
-11.65,4.15E-03,6.772,,,
-11.64,4.16E-03,6.778,,,
-11.63,4.16E-03,6.784,,,
-11.62,4.17E-03,6.79,,,
-11.61,4.18E-03,6.796,,,
-11.6,4.18E-03,6.801,,,
-11.59,4.19E-03,6.807,,,
-11.58,4.20E-03,6.813,,,
-11.57,4.20E-03,6.819,,,
-11.56,4.21E-03,6.825,,,
-11.55,4.21E-03,6.831,,,
-11.54,4.22E-03,6.837,,,
-11.53,4.23E-03,6.843,,,
-11.52,4.23E-03,6.849,,,
-11.51,4.24E-03,6.855,,,
-11.5,4.25E-03,6.861,,,
-11.49,4.25E-03,6.867,,,
-11.48,4.26E-03,6.873,,,
-11.47,4.27E-03,6.879,,,
-11.46,4.27E-03,6.885,,,
-11.45,4.28E-03,6.891,,,
-11.44,4.29E-03,6.897,,,
-11.43,4.29E-03,6.903,,,
-11.42,4.30E-03,6.909,,,
-11.41,4.31E-03,6.915,,,
-11.4,4.31E-03,6.921,,,
-11.39,4.32E-03,6.927,,,
-11.38,4.33E-03,6.933,,,
-11.37,4.33E-03,6.939,,,
-11.36,4.34E-03,6.945,,,
-11.35,4.35E-03,6.951,,,
-11.34,4.35E-03,6.958,,,
-11.33,4.36E-03,6.964,,,
-11.32,4.37E-03,6.97,,,
-11.31,4.37E-03,6.976,,,
-11.3,4.38E-03,6.982,,,
-11.29,4.39E-03,6.988,,,
-11.28,4.39E-03,6.995,,,
-11.27,4.40E-03,7.001,,,
-11.26,4.41E-03,7.007,,,
-11.25,4.41E-03,7.013,,,
-11.24,4.42E-03,7.02,,,
-11.23,4.43E-03,7.026,,,
-11.22,4.44E-03,7.032,,,
-11.21,4.44E-03,7.038,,,
-11.2,4.45E-03,7.045,,,
-11.19,4.46E-03,7.051,,,
-11.18,4.46E-03,7.057,,,
-11.17,4.47E-03,7.064,,,
-11.16,4.48E-03,7.07,,,
-11.15,4.48E-03,7.076,,,
-11.14,4.49E-03,7.083,,,
-11.13,4.50E-03,7.089,,,
-11.12,4.51E-03,7.095,,,
-11.11,4.51E-03,7.102,,,
-11.1,4.52E-03,7.108,,,
-11.09,4.53E-03,7.115,,,
-11.08,4.53E-03,7.121,,,
-11.07,4.54E-03,7.128,,,
-11.06,4.55E-03,7.134,,,
-11.05,4.56E-03,7.141,,,
-11.04,4.56E-03,7.147,,,
-11.03,4.57E-03,7.153,,,
-11.02,4.58E-03,7.16,,,
-11.01,4.58E-03,7.166,,,
-11,4.59E-03,7.173,,,
-10.99,4.60E-03,7.18,,,
-10.98,4.61E-03,7.186,,,
-10.97,4.61E-03,7.193,,,
-10.96,4.62E-03,7.199,,,
-10.95,4.63E-03,7.206,,,
-10.94,4.64E-03,7.212,,,
-10.93,4.64E-03,7.219,,,
-10.92,4.65E-03,7.226,,,
-10.91,4.66E-03,7.232,,,
-10.9,4.67E-03,7.239,,,
-10.89,4.67E-03,7.246,,,
-10.88,4.68E-03,7.252,,,
-10.87,4.69E-03,7.259,,,
-10.86,4.70E-03,7.266,,,
-10.85,4.70E-03,7.272,,,
-10.84,4.71E-03,7.279,,,
-10.83,4.72E-03,7.286,,,
-10.82,4.73E-03,7.293,,,
-10.81,4.73E-03,7.299,,,
-10.8,4.74E-03,7.306,,,
-10.79,4.75E-03,7.313,,,
-10.78,4.76E-03,7.32,,,
-10.77,4.76E-03,7.326,,,
-10.76,4.77E-03,7.333,,,
-10.75,4.78E-03,7.34,,,
-10.74,4.79E-03,7.347,,,
-10.73,4.80E-03,7.354,,,
-10.72,4.80E-03,7.361,,,
-10.71,4.81E-03,7.368,,,
-10.7,4.82E-03,7.375,,,
-10.69,4.83E-03,7.381,,,
-10.68,4.83E-03,7.388,,,
-10.67,4.84E-03,7.395,,,
-10.66,4.85E-03,7.402,,,
-10.65,4.86E-03,7.409,,,
-10.64,4.87E-03,7.416,,,
-10.63,4.87E-03,7.423,,,
-10.62,4.88E-03,7.43,,,
-10.61,4.89E-03,7.437,,,
-10.6,4.90E-03,7.444,,,
-10.59,4.91E-03,7.451,,,
-10.58,4.91E-03,7.458,,,
-10.57,4.92E-03,7.465,,,
-10.56,4.93E-03,7.472,,,
-10.55,4.94E-03,7.48,,,
-10.54,4.95E-03,7.487,,,
-10.53,4.95E-03,7.494,,,
-10.52,4.96E-03,7.501,,,
-10.51,4.97E-03,7.508,,,
-10.5,4.98E-03,7.515,,,
-10.49,4.99E-03,7.522,,,
-10.48,4.99E-03,7.53,,,
-10.47,5.00E-03,7.537,,,
-10.46,5.01E-03,7.544,,,
-10.45,5.02E-03,7.551,,,
-10.44,5.03E-03,7.559,,,
-10.43,5.04E-03,7.566,,,
-10.42,5.04E-03,7.573,,,
-10.41,5.05E-03,7.58,,,
-10.4,5.06E-03,7.588,,,
-10.39,5.07E-03,7.595,,,
-10.38,5.08E-03,7.602,,,
-10.37,5.09E-03,7.61,,,
-10.36,5.09E-03,7.617,,,
-10.35,5.10E-03,7.624,,,
-10.34,5.11E-03,7.632,,,
-10.33,5.12E-03,7.639,,,
-10.32,5.13E-03,7.647,,,
-10.31,5.14E-03,7.654,,,
-10.3,5.15E-03,7.661,,,
-10.29,5.15E-03,7.669,,,
-10.28,5.16E-03,7.676,,,
-10.27,5.17E-03,7.684,,,
-10.26,5.18E-03,7.691,,,
-10.25,5.19E-03,7.699,,,
-10.24,5.20E-03,7.706,,,
-10.23,5.21E-03,7.714,,,
-10.22,5.22E-03,7.722,,,
-10.21,5.22E-03,7.729,,,
-10.2,5.23E-03,7.737,,,
-10.19,5.24E-03,7.744,,,
-10.18,5.25E-03,7.752,,,
-10.17,5.26E-03,7.76,,,
-10.16,5.27E-03,7.767,,,
-10.15,5.28E-03,7.775,,,
-10.14,5.29E-03,7.783,,,
-10.13,5.29E-03,7.79,,,
-10.12,5.30E-03,7.798,,,
-10.11,5.31E-03,7.806,,,
-10.1,5.32E-03,7.814,,,
-10.09,5.33E-03,7.821,,,
-10.08,5.34E-03,7.829,,,
-10.07,5.35E-03,7.837,,,
-10.06,5.36E-03,7.845,,,
-10.05,5.37E-03,7.852,,,
-10.04,5.38E-03,7.86,,,
-10.03,5.38E-03,7.868,,,
-10.02,5.39E-03,7.876,,,
-10.01,5.40E-03,7.884,,,
-10,5.41E-03,7.892,,,
-9.99,5.42E-03,7.9,,,
-9.98,5.43E-03,7.908,,,
-9.97,5.44E-03,7.916,,,
-9.96,5.45E-03,7.924,,,
-9.95,5.46E-03,7.932,,,
-9.94,5.47E-03,7.94,,,
-9.93,5.48E-03,7.948,,,
-9.92,5.49E-03,7.956,,,
-9.91,5.50E-03,7.964,,,
-9.9,5.51E-03,7.972,,,
-9.89,5.52E-03,7.98,,,
-9.88,5.52E-03,7.988,,,
-9.87,5.53E-03,7.996,,,
-9.86,5.54E-03,8.004,,,
-9.85,5.55E-03,8.012,,,
-9.84,5.56E-03,8.02,,,
-9.83,5.57E-03,8.029,,,
-9.82,5.58E-03,8.037,,,
-9.81,5.59E-03,8.045,,,
-9.8,5.60E-03,8.053,,,
-9.79,5.61E-03,8.062,,,
-9.78,5.62E-03,8.07,,,
-9.77,5.63E-03,8.078,,,
-9.76,5.64E-03,8.086,,,
-9.75,5.65E-03,8.095,,,
-9.74,5.66E-03,8.103,,,
-9.73,5.67E-03,8.111,,,
-9.72,5.68E-03,8.12,,,
-9.71,5.69E-03,8.128,,,
-9.7,5.70E-03,8.136,,,
-9.69,5.71E-03,8.145,,,
-9.68,5.72E-03,8.153,,,
-9.67,5.73E-03,8.162,,,
-9.66,5.74E-03,8.17,,,
-9.65,5.75E-03,8.179,,,
-9.64,5.76E-03,8.187,,,
-9.63,5.77E-03,8.196,,,
-9.62,5.78E-03,8.204,,,
-9.61,5.79E-03,8.213,,,
-9.6,5.80E-03,8.221,,,
-9.59,5.81E-03,8.23,,,
-9.58,5.82E-03,8.239,,,
-9.57,5.83E-03,8.247,,,
-9.56,5.84E-03,8.256,,,
-9.55,5.85E-03,8.265,,,
-9.54,5.86E-03,8.273,,,
-9.53,5.87E-03,8.282,,,
-9.52,5.88E-03,8.291,,,
-9.51,5.89E-03,8.299,,,
-9.5,5.90E-03,8.308,,,
-9.49,5.91E-03,8.317,,,
-9.48,5.92E-03,8.326,,,
-9.47,5.93E-03,8.335,,,
-9.46,5.94E-03,8.343,,,
-9.45,5.95E-03,8.352,,,
-9.44,5.96E-03,8.361,,,
-9.43,5.98E-03,8.37,,,
-9.42,5.99E-03,8.379,,,
-9.41,6.00E-03,8.388,,,
-9.4,6.01E-03,8.397,,,
-9.39,6.02E-03,8.406,,,
-9.38,6.03E-03,8.415,,,
-9.37,6.04E-03,8.424,,,
-9.36,6.05E-03,8.433,,,
-9.35,6.06E-03,8.442,,,
-9.34,6.07E-03,8.451,,,
-9.33,6.08E-03,8.46,,,
-9.32,6.09E-03,8.469,,,
-9.31,6.10E-03,8.478,,,
-9.3,6.12E-03,8.487,,,
-9.29,6.13E-03,8.497,,,
-9.28,6.14E-03,8.506,,,
-9.27,6.15E-03,8.515,,,
-9.26,6.16E-03,8.524,,,
-9.25,6.17E-03,8.533,,,
-9.24,6.18E-03,8.543,,,
-9.23,6.19E-03,8.552,,,
-9.22,6.20E-03,8.561,,,
-9.21,6.21E-03,8.571,,,
-9.2,6.23E-03,8.58,,,
-9.19,6.24E-03,8.589,,,
-9.18,6.25E-03,8.599,,,
-9.17,6.26E-03,8.608,,,
-9.16,6.27E-03,8.617,,,
-9.15,6.28E-03,8.627,,,
-9.14,6.29E-03,8.636,,,
-9.13,6.31E-03,8.646,,,
-9.12,6.32E-03,8.655,,,
-9.11,6.33E-03,8.665,,,
-9.1,6.34E-03,8.674,,,
-9.09,6.35E-03,8.684,,,
-9.08,6.36E-03,8.694,,,
-9.07,6.37E-03,8.703,,,
-9.06,6.39E-03,8.713,,,
-9.05,6.40E-03,8.722,,,
-9.04,6.41E-03,8.732,,,
-9.03,6.42E-03,8.742,,,
-9.02,6.43E-03,8.752,,,
-9.01,6.44E-03,8.761,,,
-9,6.46E-03,8.771,,,
-8.99,6.47E-03,8.781,,,
-8.98,6.48E-03,8.791,,,
-8.97,6.49E-03,8.8,,,
-8.96,6.50E-03,8.81,,,
-8.95,6.52E-03,8.82,,,
-8.94,6.53E-03,8.83,,,
-8.93,6.54E-03,8.84,,,
-8.92,6.55E-03,8.85,,,
-8.91,6.56E-03,8.86,,,
-8.9,6.58E-03,8.87,,,
-8.89,6.59E-03,8.88,,,
-8.88,6.60E-03,8.89,,,
-8.87,6.61E-03,8.9,,,
-8.86,6.62E-03,8.91,,,
-8.85,6.64E-03,8.92,,,
-8.84,6.65E-03,8.93,,,
-8.83,6.66E-03,8.94,,,
-8.82,6.67E-03,8.951,,,
-8.81,6.69E-03,8.961,,,
-8.8,6.70E-03,8.971,,,
-8.79,6.71E-03,8.981,,,
-8.78,6.72E-03,8.991,,,
-8.77,6.74E-03,9.002,,,
-8.76,6.75E-03,9.012,,,
-8.75,6.76E-03,9.022,,,
-8.74,6.77E-03,9.033,,,
-8.73,6.79E-03,9.043,,,
-8.72,6.80E-03,9.054,,,
-8.71,6.81E-03,9.064,,,
-8.7,6.82E-03,9.074,,,
-8.69,6.84E-03,9.085,,,
-8.68,6.85E-03,9.095,,,
-8.67,6.86E-03,9.106,,,
-8.66,6.87E-03,9.116,,,
-8.65,6.89E-03,9.127,,,
-8.64,6.90E-03,9.138,,,
-8.63,6.91E-03,9.148,,,
-8.62,6.93E-03,9.159,,,
-8.61,6.94E-03,9.17,,,
-8.6,6.95E-03,9.18,,,
-8.59,6.97E-03,9.191,,,
-8.58,6.98E-03,9.202,,,
-8.57,6.99E-03,9.212,,,
-8.56,7.01E-03,9.223,,,
-8.55,7.02E-03,9.234,,,
-8.54,7.03E-03,9.245,,,
-8.53,7.04E-03,9.256,,,
-8.52,7.06E-03,9.267,,,
-8.51,7.07E-03,9.278,,,
-8.5,7.09E-03,9.289,,,
-8.49,7.10E-03,9.3,,,
-8.48,7.11E-03,9.311,,,
-8.47,7.13E-03,9.322,,,
-8.46,7.14E-03,9.333,,,
-8.45,7.15E-03,9.344,,,
-8.44,7.17E-03,9.355,,,
-8.43,7.18E-03,9.366,,,
-8.42,7.19E-03,9.377,,,
-8.41,7.21E-03,9.388,,,
-8.4,7.22E-03,9.4,,,
-8.39,7.23E-03,9.411,,,
-8.38,7.25E-03,9.422,,,
-8.37,7.26E-03,9.433,,,
-8.36,7.28E-03,9.445,,,
-8.35,7.29E-03,9.456,,,
-8.34,7.30E-03,9.467,,,
-8.33,7.32E-03,9.479,,,
-8.32,7.33E-03,9.49,,,
-8.31,7.35E-03,9.502,,,
-8.3,7.36E-03,9.513,,,
-8.29,7.37E-03,9.525,,,
-8.28,7.39E-03,9.536,,,
-8.27,7.40E-03,9.548,,,
-8.26,7.42E-03,9.559,,,
-8.25,7.43E-03,9.571,,,
-8.24,7.45E-03,9.583,,,
-8.23,7.46E-03,9.594,,,
-8.22,7.47E-03,9.606,,,
-8.21,7.49E-03,9.618,,,
-8.2,7.50E-03,9.63,,,
-8.19,7.52E-03,9.641,,,
-8.18,7.53E-03,9.653,,,
-8.17,7.55E-03,9.665,,,
-8.16,7.56E-03,9.677,,,
-8.15,7.58E-03,9.689,,,
-8.14,7.59E-03,9.701,,,
-8.13,7.61E-03,9.713,,,
-8.12,7.62E-03,9.725,,,
-8.11,7.64E-03,9.737,,,
-8.1,7.65E-03,9.749,,,
-8.09,7.67E-03,9.761,,,
-8.08,7.68E-03,9.773,,,
-8.07,7.70E-03,9.785,,,
-8.06,7.71E-03,9.797,,,
-8.05,7.73E-03,9.81,,,
-8.04,7.74E-03,9.822,,,
-8.03,7.76E-03,9.834,,,
-8.02,7.77E-03,9.847,,,
-8.01,7.79E-03,9.859,,,
-8,7.80E-03,9.871,,,
-7.99,7.82E-03,9.884,,,
-7.98,7.83E-03,9.896,,,
-7.97,7.85E-03,9.909,,,
-7.96,7.86E-03,9.921,,,
-7.95,7.88E-03,9.934,,,
-7.94,7.89E-03,9.946,,,
-7.93,7.91E-03,9.959,,,
-7.92,7.93E-03,9.971,,,
-7.91,7.94E-03,9.984,,,
-7.9,7.96E-03,9.997,,,
-7.89,7.97E-03,10.01,,,
-7.88,7.99E-03,10.02,,,
-7.87,8.00E-03,10.03,,,
-7.86,8.02E-03,10.05,,,
-7.85,8.04E-03,10.06,,,
-7.84,8.05E-03,10.07,,,
-7.83,8.07E-03,10.09,,,
-7.82,8.08E-03,10.1,,,
-7.81,8.10E-03,10.11,,,
-7.8,8.12E-03,10.13,,,
-7.79,8.13E-03,10.14,,,
-7.78,8.15E-03,10.15,,,
-7.77,8.17E-03,10.16,,,
-7.76,8.18E-03,10.18,,,
-7.75,8.20E-03,10.19,,,
-7.74,8.21E-03,10.2,,,
-7.73,8.23E-03,10.22,,,
-7.72,8.25E-03,10.23,,,
-7.71,8.26E-03,10.24,,,
-7.7,8.28E-03,10.26,,,
-7.69,8.30E-03,10.27,,,
-7.68,8.31E-03,10.28,,,
-7.67,8.33E-03,10.3,,,
-7.66,8.35E-03,10.31,,,
-7.65,8.36E-03,10.32,,,
-7.64,8.38E-03,10.34,,,
-7.63,8.40E-03,10.35,,,
-7.62,8.41E-03,10.37,,,
-7.61,8.43E-03,10.38,,,
-7.6,8.45E-03,10.39,,,
-7.59,8.47E-03,10.41,,,
-7.58,8.48E-03,10.42,,,
-7.57,8.50E-03,10.43,,,
-7.56,8.52E-03,10.45,,,
-7.55,8.53E-03,10.46,,,
-7.54,8.55E-03,10.48,,,
-7.53,8.57E-03,10.49,,,
-7.52,8.59E-03,10.5,,,
-7.51,8.60E-03,10.52,,,
-7.5,8.62E-03,10.53,,,
-7.49,8.64E-03,10.55,,,
-7.48,8.66E-03,10.56,,,
-7.47,8.67E-03,10.57,,,
-7.46,8.69E-03,10.59,,,
-7.45,8.71E-03,10.6,,,
-7.44,8.73E-03,10.62,,,
-7.43,8.75E-03,10.63,,,
-7.42,8.76E-03,10.65,,,
-7.41,8.78E-03,10.66,,,
-7.4,8.80E-03,10.68,,,
-7.39,8.82E-03,10.69,,,
-7.38,8.83E-03,10.7,,,
-7.37,8.85E-03,10.72,,,
-7.36,8.87E-03,10.73,,,
-7.35,8.89E-03,10.75,,,
-7.34,8.91E-03,10.76,,,
-7.33,8.93E-03,10.78,,,
-7.32,8.94E-03,10.79,,,
-7.31,8.96E-03,10.81,,,
-7.3,8.98E-03,10.82,,,
-7.29,9.00E-03,10.84,,,
-7.28,9.02E-03,10.85,,,
-7.27,9.04E-03,10.87,,,
-7.26,9.06E-03,10.88,,,
-7.25,9.07E-03,10.9,,,
-7.24,9.09E-03,10.91,,,
-7.23,9.11E-03,10.93,,,
-7.22,9.13E-03,10.94,,,
-7.21,9.15E-03,10.96,,,
-7.2,9.17E-03,10.97,,,
-7.19,9.19E-03,10.99,,,
-7.18,9.21E-03,11,,,
-7.17,9.23E-03,11.02,,,
-7.16,9.25E-03,11.03,,,
-7.15,9.26E-03,11.05,,,
-7.14,9.28E-03,11.07,,,
-7.13,9.30E-03,11.08,,,
-7.12,9.32E-03,11.1,,,
-7.11,9.34E-03,11.11,,,
-7.1,9.36E-03,11.13,,,
-7.09,9.38E-03,11.14,,,
-7.08,9.40E-03,11.16,,,
-7.07,9.42E-03,11.18,,,
-7.06,9.44E-03,11.19,,,
-7.05,9.46E-03,11.21,,,
-7.04,9.48E-03,11.22,,,
-7.03,9.50E-03,11.24,,,
-7.02,9.52E-03,11.26,,,
-7.01,9.54E-03,11.27,,,
-7,9.56E-03,11.29,,,
-6.99,9.58E-03,11.3,,,
-6.98,9.60E-03,11.32,,,
-6.97,9.62E-03,11.34,,,
-6.96,9.64E-03,11.35,,,
-6.95,9.66E-03,11.37,,,
-6.94,9.68E-03,11.39,,,
-6.93,9.70E-03,11.4,,,
-6.92,9.72E-03,11.42,,,
-6.91,9.74E-03,11.44,,,
-6.9,9.76E-03,11.45,,,
-6.89,9.79E-03,11.47,,,
-6.88,9.81E-03,11.49,,,
-6.87,9.83E-03,11.5,,,
-6.86,9.85E-03,11.52,,,
-6.85,9.87E-03,11.54,,,
-6.84,9.89E-03,11.55,,,
-6.83,9.91E-03,11.57,,,
-6.82,9.93E-03,11.59,,,
-6.81,9.95E-03,11.6,,,
-6.8,9.97E-03,11.62,,,
-6.79,1.00E-02,11.64,,,
-6.78,1.00E-02,11.66,,,
-6.77,1.00E-02,11.67,,,
-6.76,1.01E-02,11.69,,,
-6.75,1.01E-02,11.71,,,
-6.74,1.01E-02,11.73,,,
-6.73,1.01E-02,11.74,,,
-6.72,1.02E-02,11.76,,,
-6.71,1.02E-02,11.78,,,
-6.7,1.02E-02,11.8,,,
-6.69,1.02E-02,11.81,,,
-6.68,1.02E-02,11.83,,,
-6.67,1.03E-02,11.85,,,
-6.66,1.03E-02,11.87,,,
-6.65,1.03E-02,11.89,,,
-6.64,1.03E-02,11.9,,,
-6.63,1.03E-02,11.92,,,
-6.62,1.04E-02,11.94,,,
-6.61,1.04E-02,11.96,,,
-6.6,1.04E-02,11.98,,,
-6.59,1.04E-02,11.99,,,
-6.58,1.05E-02,12.01,,,
-6.57,1.05E-02,12.03,,,
-6.56,1.05E-02,12.05,,,
-6.55,1.05E-02,12.07,,,
-6.54,1.06E-02,12.09,,,
-6.53,1.06E-02,12.11,,,
-6.52,1.06E-02,12.12,,,
-6.51,1.06E-02,12.14,,,
-6.5,1.06E-02,12.16,,,
-6.49,1.07E-02,12.18,,,
-6.48,1.07E-02,12.2,,,
-6.47,1.07E-02,12.22,,,
-6.46,1.07E-02,12.24,,,
-6.45,1.08E-02,12.26,,,
-6.44,1.08E-02,12.28,,,
-6.43,1.08E-02,12.29,,,
-6.42,1.08E-02,12.31,,,
-6.41,1.09E-02,12.33,,,
-6.4,1.09E-02,12.35,,,
-6.39,1.09E-02,12.37,,,
-6.38,1.09E-02,12.39,,,
-6.37,1.10E-02,12.41,,,
-6.36,1.10E-02,12.43,,,
-6.35,1.10E-02,12.45,,,
-6.34,1.10E-02,12.47,,,
-6.33,1.10E-02,12.49,,,
-6.32,1.11E-02,12.51,,,
-6.31,1.11E-02,12.53,,,
-6.3,1.11E-02,12.55,,,
-6.29,1.11E-02,12.57,,,
-6.28,1.12E-02,12.59,,,
-6.27,1.12E-02,12.61,,,
-6.26,1.12E-02,12.63,,,
-6.25,1.12E-02,12.65,,,
-6.24,1.13E-02,12.67,,,
-6.23,1.13E-02,12.69,,,
-6.22,1.13E-02,12.71,,,
-6.21,1.13E-02,12.73,,,
-6.2,1.14E-02,12.75,,,
-6.19,1.14E-02,12.77,,,
-6.18,1.14E-02,12.8,,,
-6.17,1.14E-02,12.82,,,
-6.16,1.15E-02,12.84,,,
-6.15,1.15E-02,12.86,,,
-6.14,1.15E-02,12.88,,,
-6.13,1.15E-02,12.9,,,
-6.12,1.16E-02,12.92,,,
-6.11,1.16E-02,12.94,,,
-6.1,1.16E-02,12.96,,,
-6.09,1.16E-02,12.99,,,
-6.08,1.17E-02,13.01,,,
-6.07,1.17E-02,13.03,,,
-6.06,1.17E-02,13.05,,,
-6.05,1.18E-02,13.07,,,
-6.04,1.18E-02,13.09,,,
-6.03,1.18E-02,13.12,,,
-6.02,1.18E-02,13.14,,,
-6.01,1.19E-02,13.16,,,
-6,1.19E-02,13.18,,,
-5.99,1.19E-02,13.2,,,
-5.98,1.19E-02,13.23,,,
-5.97,1.20E-02,13.25,,,
-5.96,1.20E-02,13.27,,,
-5.95,1.20E-02,13.29,,,
-5.94,1.20E-02,13.32,,,
-5.93,1.21E-02,13.34,,,
-5.92,1.21E-02,13.36,,,
-5.91,1.21E-02,13.38,,,
-5.9,1.22E-02,13.41,,,
-5.89,1.22E-02,13.43,,,
-5.88,1.22E-02,13.45,,,
-5.87,1.22E-02,13.48,,,
-5.86,1.23E-02,13.5,,,
-5.85,1.23E-02,13.52,,,
-5.84,1.23E-02,13.55,,,
-5.83,1.23E-02,13.57,,,
-5.82,1.24E-02,13.59,,,
-5.81,1.24E-02,13.62,,,
-5.8,1.24E-02,13.64,,,
-5.79,1.25E-02,13.66,,,
-5.78,1.25E-02,13.69,,,
-5.77,1.25E-02,13.71,,,
-5.76,1.25E-02,13.74,,,
-5.75,1.26E-02,13.76,,,
-5.74,1.26E-02,13.78,,,
-5.73,1.26E-02,13.81,,,
-5.72,1.27E-02,13.83,,,
-5.71,1.27E-02,13.86,,,
-5.7,1.27E-02,13.88,,,
-5.69,1.27E-02,13.91,,,
-5.68,1.28E-02,13.93,,,
-5.67,1.28E-02,13.96,,,
-5.66,1.28E-02,13.98,,,
-5.65,1.29E-02,14.01,,,
-5.64,1.29E-02,14.03,,,
-5.63,1.29E-02,14.06,,,
-5.62,1.30E-02,14.08,,,
-5.61,1.30E-02,14.11,,,
-5.6,1.30E-02,14.13,,,
-5.59,1.30E-02,14.16,,,
-5.58,1.31E-02,14.18,,,
-5.57,1.31E-02,14.21,,,
-5.56,1.31E-02,14.23,,,
-5.55,1.32E-02,14.26,,,
-5.54,1.32E-02,14.29,,,
-5.53,1.32E-02,14.31,,,
-5.52,1.33E-02,14.34,,,
-5.51,1.33E-02,14.36,,,
-5.5,1.33E-02,14.39,,,
-5.49,1.33E-02,14.42,,,
-5.48,1.34E-02,14.44,,,
-5.47,1.34E-02,14.47,,,
-5.46,1.34E-02,14.5,,,
-5.45,1.35E-02,14.52,,,
-5.44,1.35E-02,14.55,,,
-5.43,1.35E-02,14.58,,,
-5.42,1.36E-02,14.61,,,
-5.41,1.36E-02,14.63,,,
-5.4,1.36E-02,14.66,,,
-5.39,1.37E-02,14.69,,,
-5.38,1.37E-02,14.71,,,
-5.37,1.37E-02,14.74,,,
-5.36,1.38E-02,14.77,,,
-5.35,1.38E-02,14.8,,,
-5.34,1.38E-02,14.83,,,
-5.33,1.38E-02,14.85,,,
-5.32,1.39E-02,14.88,,,
-5.31,1.39E-02,14.91,,,
-5.3,1.39E-02,14.94,,,
-5.29,1.40E-02,14.97,,,
-5.28,1.40E-02,15,,,
-5.27,1.40E-02,15.03,,,
-5.26,1.41E-02,15.05,,,
-5.25,1.41E-02,15.08,,,
-5.24,1.41E-02,15.11,,,
-5.23,1.42E-02,15.14,,,
-5.22,1.42E-02,15.17,,,
-5.21,1.42E-02,15.2,,,
-5.2,1.43E-02,15.23,,,
-5.19,1.43E-02,15.26,,,
-5.18,1.43E-02,15.29,,,
-5.17,1.44E-02,15.32,,,
-5.16,1.44E-02,15.35,,,
-5.15,1.44E-02,15.38,,,
-5.14,1.45E-02,15.41,,,
-5.13,1.45E-02,15.44,,,
-5.12,1.45E-02,15.47,,,
-5.11,1.46E-02,15.5,,,
-5.1,1.46E-02,15.53,,,
-5.09,1.46E-02,15.56,,,
-5.08,1.47E-02,15.59,,,
-5.07,1.47E-02,15.62,,,
-5.06,1.47E-02,15.66,,,
-5.05,1.48E-02,15.69,,,
-5.04,1.48E-02,15.72,,,
-5.03,1.49E-02,15.75,,,
-5.02,1.49E-02,15.78,,,
-5.01,1.49E-02,15.81,,,
-5,1.50E-02,15.85,,,
-4.99,1.50E-02,15.88,,,
-4.98,1.50E-02,15.91,,,
-4.97,1.51E-02,15.94,,,
-4.96,1.51E-02,15.98,,,
-4.95,1.51E-02,16.01,,,
-4.94,1.52E-02,16.04,,,
-4.93,1.52E-02,16.07,,,
-4.92,1.52E-02,16.11,,,
-4.91,1.53E-02,16.14,,,
-4.9,1.53E-02,16.17,,,
-4.89,1.54E-02,16.21,,,
-4.88,1.54E-02,16.24,,,
-4.87,1.54E-02,16.27,,,
-4.86,1.55E-02,16.31,,,
-4.85,1.55E-02,16.34,,,
-4.84,1.55E-02,16.38,,,
-4.83,1.56E-02,16.41,,,
-4.82,1.56E-02,16.45,,,
-4.81,1.56E-02,16.48,,,
-4.8,1.57E-02,16.51,,,
-4.79,1.57E-02,16.55,,,
-4.78,1.58E-02,16.58,,,
-4.77,1.58E-02,16.62,,,
-4.76,1.58E-02,16.66,,,
-4.75,1.59E-02,16.69,,,
-4.74,1.59E-02,16.73,,,
-4.73,1.59E-02,16.76,,,
-4.72,1.60E-02,16.8,,,
-4.71,1.60E-02,16.83,,,
-4.7,1.61E-02,16.87,,,
-4.69,1.61E-02,16.91,,,
-4.68,1.61E-02,16.94,,,
-4.67,1.62E-02,16.98,,,
-4.66,1.62E-02,17.02,,,
-4.65,1.62E-02,17.05,,,
-4.64,1.63E-02,17.09,,,
-4.63,1.63E-02,17.13,,,
-4.62,1.64E-02,17.17,,,
-4.61,1.64E-02,17.2,,,
-4.6,1.64E-02,17.24,,,
-4.59,1.65E-02,17.28,,,
-4.58,1.65E-02,17.32,,,
-4.57,1.66E-02,17.36,,,
-4.56,1.66E-02,17.4,,,
-4.55,1.66E-02,17.44,,,
-4.54,1.67E-02,17.47,,,
-4.53,1.67E-02,17.51,,,
-4.52,1.68E-02,17.55,,,
-4.51,1.68E-02,17.59,,,
-4.5,1.68E-02,17.63,,,
-4.49,1.69E-02,17.67,,,
-4.48,1.69E-02,17.71,,,
-4.47,1.70E-02,17.75,,,
-4.46,1.70E-02,17.79,,,
-4.45,1.70E-02,17.83,,,
-4.44,1.71E-02,17.87,,,
-4.43,1.71E-02,17.92,,,
-4.42,1.72E-02,17.96,,,
-4.41,1.72E-02,18,,,
-4.4,1.72E-02,18.04,,,
-4.39,1.73E-02,18.08,,,
-4.38,1.73E-02,18.12,,,
-4.37,1.74E-02,18.17,,,
-4.36,1.74E-02,18.21,,,
-4.35,1.74E-02,18.25,,,
-4.34,1.75E-02,18.29,,,
-4.33,1.75E-02,18.34,,,
-4.32,1.76E-02,18.38,,,
-4.31,1.76E-02,18.42,,,
-4.3,1.77E-02,18.47,,,
-4.29,1.77E-02,18.51,,,
-4.28,1.77E-02,18.55,,,
-4.27,1.78E-02,18.6,,,
-4.26,1.78E-02,18.64,,,
-4.25,1.79E-02,18.69,,,
-4.24,1.79E-02,18.73,,,
-4.23,1.80E-02,18.78,,,
-4.22,1.80E-02,18.82,,,
-4.21,1.80E-02,18.87,,,
-4.2,1.81E-02,18.91,,,
-4.19,1.81E-02,18.96,,,
-4.18,1.82E-02,19.01,,,
-4.17,1.82E-02,19.05,,,
-4.16,1.83E-02,19.1,,,
-4.15,1.83E-02,19.15,,,
-4.14,1.83E-02,19.19,,,
-4.13,1.84E-02,19.24,,,
-4.12,1.84E-02,19.29,,,
-4.11,1.85E-02,19.34,,,
-4.1,1.85E-02,19.38,,,
-4.09,1.86E-02,19.43,,,
-4.08,1.86E-02,19.48,,,
-4.07,1.87E-02,19.53,,,
-4.06,1.87E-02,19.58,,,
-4.05,1.87E-02,19.63,,,
-4.04,1.88E-02,19.68,,,
-4.03,1.88E-02,19.73,,,
-4.02,1.89E-02,19.78,,,
-4.01,1.89E-02,19.83,,,
-4,1.90E-02,19.88,,,
-3.99,1.90E-02,19.93,,,
-3.98,1.91E-02,19.98,,,
-3.97,1.91E-02,20.03,,,
-3.96,1.92E-02,20.08,,,
-3.95,1.92E-02,20.14,,,
-3.94,1.92E-02,20.19,,,
-3.93,1.93E-02,20.24,,,
-3.92,1.93E-02,20.29,,,
-3.91,1.94E-02,20.35,,,
-3.9,1.94E-02,20.4,,,
-3.89,1.95E-02,20.45,,,
-3.88,1.95E-02,20.51,,,
-3.87,1.96E-02,20.56,,,
-3.86,1.96E-02,20.62,,,
-3.85,1.97E-02,20.67,,,
-3.84,1.97E-02,20.73,,,
-3.83,1.98E-02,20.78,,,
-3.82,1.98E-02,20.84,,,
-3.81,1.98E-02,20.89,,,
-3.8,1.99E-02,20.95,,,
-3.79,1.99E-02,21.01,,,
-3.78,2.00E-02,21.07,,,
-3.77,2.00E-02,21.12,,,
-3.76,2.01E-02,21.18,,,
-3.75,2.01E-02,21.24,,,
-3.74,2.02E-02,21.3,,,
-3.73,2.02E-02,21.35,,,
-3.72,2.03E-02,21.41,,,
-3.71,2.03E-02,21.47,,,
-3.7,2.04E-02,21.53,,,
-3.69,2.04E-02,21.59,,,
-3.68,2.05E-02,21.65,,,
-3.67,2.05E-02,21.71,,,
-3.66,2.06E-02,21.77,,,
-3.65,2.06E-02,21.84,,,
-3.64,2.07E-02,21.9,,,
-3.63,2.07E-02,21.96,,,
-3.62,2.08E-02,22.02,,,
-3.61,2.08E-02,22.09,,,
-3.6,2.09E-02,22.15,,,
-3.59,2.09E-02,22.21,,,
-3.58,2.10E-02,22.28,,,
-3.57,2.10E-02,22.34,,,
-3.56,2.11E-02,22.4,,,
-3.55,2.11E-02,22.47,,,
-3.54,2.12E-02,22.54,,,
-3.53,2.12E-02,22.6,,,
-3.52,2.13E-02,22.67,,,
-3.51,2.13E-02,22.73,,,
-3.5,2.14E-02,22.8,,,
-3.49,2.14E-02,22.87,,,
-3.48,2.15E-02,22.94,,,
-3.47,2.15E-02,23.01,,,
-3.46,2.16E-02,23.07,,,
-3.45,2.16E-02,23.14,,,
-3.44,2.17E-02,23.21,,,
-3.43,2.17E-02,23.28,,,
-3.42,2.18E-02,23.35,,,
-3.41,2.18E-02,23.42,,,
-3.4,2.19E-02,23.5,,,
-3.39,2.19E-02,23.57,,,
-3.38,2.20E-02,23.64,,,
-3.37,2.20E-02,23.71,,,
-3.36,2.21E-02,23.79,,,
-3.35,2.21E-02,23.86,,,
-3.34,2.22E-02,23.93,,,
-3.33,2.22E-02,24.01,,,
-3.32,2.23E-02,24.08,,,
-3.31,2.23E-02,24.16,,,
-3.3,2.24E-02,24.23,,,
-3.29,2.24E-02,24.31,,,
-3.28,2.25E-02,24.39,,,
-3.27,2.25E-02,24.47,,,
-3.26,2.26E-02,24.54,,,
-3.25,2.26E-02,24.62,,,
-3.24,2.27E-02,24.7,,,
-3.23,2.27E-02,24.78,,,
-3.22,2.28E-02,24.86,,,
-3.21,2.28E-02,24.94,,,
-3.2,2.29E-02,25.02,,,
-3.19,2.29E-02,25.11,,,
-3.18,2.30E-02,25.19,,,
-3.17,2.30E-02,25.27,,,
-3.16,2.31E-02,25.35,,,
-3.15,2.32E-02,25.44,,,
-3.14,2.32E-02,25.52,,,
-3.13,2.33E-02,25.61,,,
-3.12,2.33E-02,25.7,,,
-3.11,2.34E-02,25.78,,,
-3.1,2.34E-02,25.87,,,
-3.09,2.35E-02,25.96,,,
-3.08,2.35E-02,26.05,,,
-3.07,2.36E-02,26.13,,,
-3.06,2.36E-02,26.22,,,
-3.05,2.37E-02,26.31,,,
-3.04,2.37E-02,26.41,,,
-3.03,2.38E-02,26.5,,,
-3.02,2.38E-02,26.59,,,
-3.01,2.39E-02,26.68,,,
-3,2.40E-02,26.78,,,
-2.99,2.40E-02,26.87,,,
-2.98,2.41E-02,26.97,,,
-2.97,2.41E-02,27.06,,,
-2.96,2.42E-02,27.16,,,
-2.95,2.42E-02,27.26,,,
-2.94,2.43E-02,27.35,,,
-2.93,2.43E-02,27.45,,,
-2.92,2.44E-02,27.55,,,
-2.91,2.44E-02,27.65,,,
-2.9,2.45E-02,27.76,,,
-2.89,2.45E-02,27.86,,,
-2.88,2.46E-02,27.96,,,
-2.87,2.47E-02,28.06,,,
-2.86,2.47E-02,28.17,,,
-2.85,2.48E-02,28.27,,,
-2.84,2.48E-02,28.38,,,
-2.83,2.49E-02,28.49,,,
-2.82,2.49E-02,28.6,,,
-2.81,2.50E-02,28.7,,,
-2.8,2.50E-02,28.81,,,
-2.79,2.51E-02,28.92,,,
-2.78,2.51E-02,29.04,,,
-2.77,2.52E-02,29.15,,,
-2.76,2.52E-02,29.26,,,
-2.75,2.53E-02,29.38,,,
-2.74,2.54E-02,29.49,,,
-2.73,2.54E-02,29.61,,,
-2.72,2.55E-02,29.73,,,
-2.71,2.55E-02,29.85,,,
-2.7,2.56E-02,29.96,,,
-2.69,2.56E-02,30.09,,,
-2.68,2.57E-02,30.21,,,
-2.67,2.57E-02,30.33,,,
-2.66,2.58E-02,30.45,,,
-2.65,2.58E-02,30.58,,,
-2.64,2.59E-02,30.71,,,
-2.63,2.60E-02,30.83,,,
-2.62,2.60E-02,30.96,,,
-2.61,2.61E-02,31.09,,,
-2.6,2.61E-02,31.22,,,
-2.59,2.62E-02,31.36,,,
-2.58,2.62E-02,31.49,,,
-2.57,2.63E-02,31.62,,,
-2.56,2.63E-02,31.76,,,
-2.55,2.64E-02,31.9,,,
-2.54,2.64E-02,32.04,,,
-2.53,2.65E-02,32.18,,,
-2.52,2.65E-02,32.32,,,
-2.51,2.66E-02,32.46,,,
-2.5,2.66E-02,32.61,,,
-2.49,2.67E-02,32.75,,,
-2.48,2.68E-02,32.9,,,
-2.47,2.68E-02,33.05,,,
-2.46,2.69E-02,33.2,,,
-2.45,2.69E-02,33.36,,,
-2.44,2.70E-02,33.51,,,
-2.43,2.70E-02,33.67,,,
-2.42,2.71E-02,33.83,,,
-2.41,2.71E-02,33.98,,,
-2.4,2.72E-02,34.15,,,
-2.39,2.72E-02,34.31,,,
-2.38,2.73E-02,34.48,,,
-2.37,2.73E-02,34.64,,,
-2.36,2.74E-02,34.81,,,
-2.35,2.74E-02,34.98,,,
-2.34,2.75E-02,35.16,,,
-2.33,2.75E-02,35.33,,,
-2.32,2.76E-02,35.51,,,
-2.31,2.76E-02,35.69,,,
-2.3,2.77E-02,35.88,,,
-2.29,2.77E-02,36.06,,,
-2.28,2.78E-02,36.25,,,
-2.27,2.78E-02,36.44,,,
-2.26,2.79E-02,36.63,,,
-2.25,2.79E-02,36.83,,,
-2.24,2.80E-02,37.03,,,
-2.23,2.80E-02,37.23,,,
-2.22,2.80E-02,37.43,,,
-2.21,2.81E-02,37.64,,,
-2.2,2.81E-02,37.85,,,
-2.19,2.82E-02,38.07,,,
-2.18,2.82E-02,38.28,,,
-2.17,2.82E-02,38.51,,,
-2.16,2.83E-02,38.73,,,
-2.15,2.83E-02,38.96,,,
-2.14,2.84E-02,39.19,,,
-2.13,2.84E-02,39.43,,,
-2.12,2.84E-02,39.67,,,
-2.11,2.85E-02,39.92,,,
-2.1,2.85E-02,40.17,,,
-2.09,2.85E-02,40.43,,,
-2.08,2.86E-02,40.69,,,
-2.07,2.86E-02,40.95,,,
-2.06,2.86E-02,41.23,,,
-2.05,2.86E-02,41.5,,,
-2.04,2.86E-02,41.79,,,
-2.03,2.87E-02,42.08,,,
-2.02,2.87E-02,42.38,,,
-2.01,2.87E-02,42.69,,,
-2,2.87E-02,43,,,
-1.99,2.87E-02,43.33,,,
-1.98,2.87E-02,43.66,,,
-1.97,2.87E-02,44,,,
-1.96,2.87E-02,44.36,,,
-1.95,2.86E-02,44.72,,,
-1.94,2.86E-02,45.1,,,
-1.93,2.86E-02,45.49,,,
-1.92,2.85E-02,45.89,,,
-1.91,2.85E-02,46.32,,,
-1.9,2.84E-02,46.75,,,
-1.89,2.83E-02,47.21,,,
-1.88,2.82E-02,47.69,,,
-1.87,2.81E-02,48.19,,,
-1.86,2.80E-02,48.72,,,
-1.85,2.78E-02,49.27,,,
-1.84,2.76E-02,49.86,,,
-1.83,2.74E-02,50.48,,,
-1.82,2.71E-02,51.15,,,
-1.81,2.68E-02,51.86,,,
-1.8,2.65E-02,52.63,,,
-1.79,2.60E-02,53.47,,,
-1.78,2.55E-02,54.38,,,
-1.77,2.49E-02,55.38,,,
-1.76,2.42E-02,56.49,,,
-1.75,2.33E-02,57.73,,,
-1.74,2.23E-02,59.14,,,
-1.73,2.10E-02,60.76,,,
-1.72,1.95E-02,62.65,,,
-1.71,1.76E-02,64.9,,,
-1.7,1.52E-02,67.66,,,
-1.69,1.24E-02,71.14,,,
-1.68,9.05E-03,75.73,,,
-1.67,5.33E-03,82.15,,,
-1.66,1.91E-03,92.04,,,
-1.65,1.24E-04,110.2,,,
-1.64,3.10E-07,165.8,,,
-1.63,163.7,379.9,,,
-1.62,57.34,96.29,,,
-1.61,141.3,-60.42,,,
-1.6,50,6.05E-01,,,
-1.59,76.91,-9.35E-01,,,
-1.58,33.78,-8.437,,,
-1.57,11.67,-20.55,,,
-1.56,7.93E-12,-1.079,,,
-1.55,1.43E-04,12.02,,,
-1.54,1.73E-03,18.96,,,
-1.53,4.71E-03,23.67,,,
-1.52,8.05E-03,27.18,,,
-1.51,1.12E-02,29.96,,,
-1.5,1.39E-02,32.24,,,
-1.49,1.62E-02,34.18,,,
-1.48,1.82E-02,35.85,,,
-1.47,1.99E-02,37.32,,,
-1.46,2.13E-02,38.65,,,
-1.45,2.25E-02,39.85,,,
-1.44,2.35E-02,40.95,,,
-1.43,2.44E-02,41.97,,,
-1.42,2.51E-02,42.92,,,
-1.41,2.58E-02,43.83,,,
-1.4,2.64E-02,44.68,,,
-1.39,2.69E-02,45.5,,,
-1.38,2.74E-02,46.28,,,
-1.37,2.78E-02,47.04,,,
-1.36,2.82E-02,47.77,,,
-1.35,2.85E-02,48.49,,,
-1.34,2.88E-02,49.18,,,
-1.33,2.91E-02,49.86,,,
-1.32,2.94E-02,50.54,,,
-1.31,2.96E-02,51.2,,,
-1.3,2.99E-02,51.85,,,
-1.29,3.01E-02,52.5,,,
-1.28,3.03E-02,53.14,,,
-1.27,3.04E-02,53.78,,,
-1.26,3.06E-02,54.41,,,
-1.25,3.08E-02,55.04,,,
-1.24,3.09E-02,55.68,,,
-1.23,3.11E-02,56.31,,,
-1.22,3.12E-02,56.94,,,
-1.21,3.13E-02,57.58,,,
-1.2,3.15E-02,58.21,,,
-1.19,3.16E-02,58.85,,,
-1.18,3.17E-02,59.5,,,
-1.17,3.18E-02,60.15,,,
-1.16,3.19E-02,60.8,,,
-1.15,3.20E-02,61.46,,,
-1.14,3.21E-02,62.12,,,
-1.13,3.22E-02,62.79,,,
-1.12,3.23E-02,63.47,,,
-1.11,3.24E-02,64.15,,,
-1.1,3.25E-02,64.84,,,
-1.09,3.25E-02,65.54,,,
-1.08,3.26E-02,66.25,,,
-1.07,3.27E-02,66.97,,,
-1.06,3.28E-02,67.7,,,
-1.05,3.28E-02,68.43,,,
-1.04,3.29E-02,69.18,,,
-1.03,3.30E-02,69.94,,,
-1.02,3.30E-02,70.71,,,
-1.01,3.31E-02,71.5,,,
-1,3.32E-02,72.3,,,
-0.99,3.32E-02,73.11,,,
-0.98,3.33E-02,73.93,,,
-0.97,3.33E-02,74.77,,,
-0.96,3.34E-02,75.62,,,
-0.95,3.35E-02,76.49,,,
-0.94,3.35E-02,77.37,,,
-0.93,3.36E-02,78.27,,,
-0.92,3.36E-02,79.19,,,
-0.91,3.37E-02,80.13,,,
-0.9,3.37E-02,81.08,,,
-0.89,3.38E-02,82.06,,,
-0.88,3.38E-02,83.05,,,
-0.87,3.39E-02,84.07,,,
-0.86,3.39E-02,85.11,,,
-0.85,3.40E-02,86.17,,,
-0.84,3.40E-02,87.25,,,
-0.83,3.41E-02,88.36,,,
-0.82,3.41E-02,89.49,,,
-0.81,3.41E-02,90.65,,,
-0.8,3.42E-02,91.84,,,
-0.79,3.42E-02,93.05,,,
-0.78,3.43E-02,94.3,,,
-0.77,3.43E-02,95.58,,,
-0.76,3.43E-02,96.88,,,
-0.75,3.44E-02,98.23,,,
-0.74,3.44E-02,99.6,,,
-0.73,3.45E-02,101,,,
-0.72,3.45E-02,102.5,,,
-0.71,3.45E-02,104,,,
-0.7,3.46E-02,105.5,,,
-0.69,3.46E-02,107.1,,,
-0.68,3.46E-02,108.7,,,
-0.67,3.47E-02,110.3,,,
-0.66,3.47E-02,112.1,,,
-0.65,3.47E-02,113.8,,,
-0.64,3.48E-02,115.7,,,
-0.63,3.48E-02,117.5,,,
-0.62,3.48E-02,119.5,,,
-0.61,3.49E-02,121.5,,,
-0.6,3.49E-02,123.5,,,
-0.59,3.49E-02,125.7,,,
-0.58,3.50E-02,127.9,,,
-0.57,3.50E-02,130.2,,,
-0.56,3.50E-02,132.5,,,
-0.55,3.50E-02,135,,,
-0.54,3.51E-02,137.5,,,
-0.53,3.51E-02,140.1,,,
-0.52,3.51E-02,142.9,,,
-0.51,3.51E-02,145.7,,,
-0.5,3.52E-02,148.7,,,
-0.49,3.52E-02,151.7,,,
-0.48,3.52E-02,154.9,,,
-0.47,3.52E-02,158.3,,,
-0.46,3.53E-02,161.8,,,
-0.45,3.53E-02,165.4,,,
-0.44,3.53E-02,169.2,,,
-0.43,3.53E-02,173.1,,,
-0.42,3.53E-02,177.3,,,
-0.41,3.54E-02,181.7,,,
-0.4,3.54E-02,186.2,,,
-0.39,3.54E-02,191,,,
-0.38,3.54E-02,196.1,,,
-0.37,3.54E-02,201.4,,,
-0.36,3.55E-02,207.1,,,
-0.35,3.55E-02,213,,,
-0.34,3.55E-02,219.3,,,
-0.33,3.55E-02,226,,,
-0.32,3.55E-02,233.1,,,
-0.31,3.55E-02,240.7,,,
-0.3,3.55E-02,248.7,,,
-0.29,3.56E-02,257.3,,,
-0.28,3.56E-02,266.5,,,
-0.27,3.56E-02,276.4,,,
-0.26,3.56E-02,287.1,,,
-0.25,3.56E-02,298.6,,,
-0.24,3.56E-02,311.1,,,
-0.23,3.56E-02,324.7,,,
-0.22,3.56E-02,339.4,,,
-0.21,3.57E-02,355.6,,,
-0.2,3.57E-02,373.5,,,
-0.19,3.57E-02,393.1,,,
-0.18,3.57E-02,415,,,
-0.17,3.57E-02,439.5,,,
-0.16,3.57E-02,467,,,
-0.15,3.57E-02,498.1,,,
-0.14,3.57E-02,533.7,,,
-0.13,3.57E-02,574.8,,,
-0.12,3.57E-02,622.8,,,
-0.11,3.57E-02,679.4,,,
-0.1,3.57E-02,747.4,,,
-0.09,3.57E-02,830.5,,,
-0.08,3.57E-02,934.3,,,
-0.07,3.58E-02,1.07E+03,,,
-0.06,3.58E-02,1.25E+03,,,
-0.05,3.58E-02,1.50E+03,,,
-0.04,3.58E-02,1.87E+03,,,
-0.03,3.58E-02,2.49E+03,,,
-0.02,3.58E-02,3.74E+03,,,
-0.01,3.59E-02,7.48E+03,,,
0,5.00E+11,0,,,
0.01,3.59E-02,-7.48E+03,,,
0.02,3.58E-02,-3.74E+03,,,
0.03,3.58E-02,-2.49E+03,,,
0.04,3.58E-02,-1.87E+03,,,
0.05,3.58E-02,-1.50E+03,,,
0.06,3.58E-02,-1.25E+03,,,
0.07,3.58E-02,-1.07E+03,,,
0.08,3.57E-02,-934.3,,,
0.09,3.57E-02,-830.5,,,
0.1,3.57E-02,-747.4,,,
0.11,3.57E-02,-679.4,,,
0.12,3.57E-02,-622.8,,,
0.13,3.57E-02,-574.8,,,
0.14,3.57E-02,-533.7,,,
0.15,3.57E-02,-498.1,,,
0.16,3.57E-02,-467,,,
0.17,3.57E-02,-439.5,,,
0.18,3.57E-02,-415,,,
0.19,3.57E-02,-393.1,,,
0.2,3.57E-02,-373.5,,,
0.21,3.57E-02,-355.6,,,
0.22,3.56E-02,-339.4,,,
0.23,3.56E-02,-324.7,,,
0.24,3.56E-02,-311.1,,,
0.25,3.56E-02,-298.6,,,
0.26,3.56E-02,-287.1,,,
0.27,3.56E-02,-276.4,,,
0.28,3.56E-02,-266.5,,,
0.29,3.56E-02,-257.3,,,
0.3,3.55E-02,-248.7,,,
0.31,3.55E-02,-240.7,,,
0.32,3.55E-02,-233.1,,,
0.33,3.55E-02,-226,,,
0.34,3.55E-02,-219.3,,,
0.35,3.55E-02,-213,,,
0.36,3.55E-02,-207.1,,,
0.37,3.54E-02,-201.4,,,
0.38,3.54E-02,-196.1,,,
0.39,3.54E-02,-191,,,
0.4,3.54E-02,-186.2,,,
0.41,3.54E-02,-181.7,,,
0.42,3.53E-02,-177.3,,,
0.43,3.53E-02,-173.1,,,
0.44,3.53E-02,-169.2,,,
0.45,3.53E-02,-165.4,,,
0.46,3.53E-02,-161.8,,,
0.47,3.52E-02,-158.3,,,
0.48,3.52E-02,-154.9,,,
0.49,3.52E-02,-151.7,,,
0.5,3.52E-02,-148.7,,,
0.51,3.51E-02,-145.7,,,
0.52,3.51E-02,-142.9,,,
0.53,3.51E-02,-140.1,,,
0.54,3.51E-02,-137.5,,,
0.55,3.50E-02,-135,,,
0.56,3.50E-02,-132.5,,,
0.57,3.50E-02,-130.2,,,
0.58,3.50E-02,-127.9,,,
0.59,3.49E-02,-125.7,,,
0.6,3.49E-02,-123.5,,,
0.61,3.49E-02,-121.5,,,
0.62,3.48E-02,-119.5,,,
0.63,3.48E-02,-117.5,,,
0.64,3.48E-02,-115.7,,,
0.65,3.47E-02,-113.8,,,
0.66,3.47E-02,-112.1,,,
0.67,3.47E-02,-110.3,,,
0.68,3.46E-02,-108.7,,,
0.69,3.46E-02,-107.1,,,
0.7,3.46E-02,-105.5,,,
0.71,3.45E-02,-104,,,
0.72,3.45E-02,-102.5,,,
0.73,3.45E-02,-101,,,
0.74,3.44E-02,-99.6,,,
0.75,3.44E-02,-98.23,,,
0.76,3.43E-02,-96.88,,,
0.77,3.43E-02,-95.58,,,
0.78,3.43E-02,-94.3,,,
0.79,3.42E-02,-93.05,,,
0.8,3.42E-02,-91.84,,,
0.81,3.41E-02,-90.65,,,
0.82,3.41E-02,-89.49,,,
0.83,3.41E-02,-88.36,,,
0.84,3.40E-02,-87.25,,,
0.85,3.40E-02,-86.17,,,
0.86,3.39E-02,-85.11,,,
0.87,3.39E-02,-84.07,,,
0.88,3.38E-02,-83.05,,,
0.89,3.38E-02,-82.06,,,
0.9,3.37E-02,-81.08,,,
0.91,3.37E-02,-80.13,,,
0.92,3.36E-02,-79.19,,,
0.93,3.36E-02,-78.27,,,
0.94,3.35E-02,-77.37,,,
0.95,3.35E-02,-76.49,,,
0.96,3.34E-02,-75.62,,,
0.97,3.33E-02,-74.77,,,
0.98,3.33E-02,-73.93,,,
0.99,3.32E-02,-73.11,,,
1,3.32E-02,-72.3,,,
1.01,3.31E-02,-71.5,,,
1.02,3.30E-02,-70.71,,,
1.03,3.30E-02,-69.94,,,
1.04,3.29E-02,-69.18,,,
1.05,3.28E-02,-68.43,,,
1.06,3.28E-02,-67.7,,,
1.07,3.27E-02,-66.97,,,
1.08,3.26E-02,-66.25,,,
1.09,3.25E-02,-65.54,,,
1.1,3.25E-02,-64.84,,,
1.11,3.24E-02,-64.15,,,
1.12,3.23E-02,-63.47,,,
1.13,3.22E-02,-62.79,,,
1.14,3.21E-02,-62.12,,,
1.15,3.20E-02,-61.46,,,
1.16,3.19E-02,-60.8,,,
1.17,3.18E-02,-60.15,,,
1.18,3.17E-02,-59.5,,,
1.19,3.16E-02,-58.85,,,
1.2,3.15E-02,-58.21,,,
1.21,3.13E-02,-57.58,,,
1.22,3.12E-02,-56.94,,,
1.23,3.11E-02,-56.31,,,
1.24,3.09E-02,-55.68,,,
1.25,3.08E-02,-55.04,,,
1.26,3.06E-02,-54.41,,,
1.27,3.04E-02,-53.78,,,
1.28,3.03E-02,-53.14,,,
1.29,3.01E-02,-52.5,,,
1.3,2.99E-02,-51.85,,,
1.31,2.96E-02,-51.2,,,
1.32,2.94E-02,-50.54,,,
1.33,2.91E-02,-49.86,,,
1.34,2.88E-02,-49.18,,,
1.35,2.85E-02,-48.49,,,
1.36,2.82E-02,-47.77,,,
1.37,2.78E-02,-47.04,,,
1.38,2.74E-02,-46.28,,,
1.39,2.69E-02,-45.5,,,
1.4,2.64E-02,-44.68,,,
1.41,2.58E-02,-43.83,,,
1.42,2.51E-02,-42.92,,,
1.43,2.44E-02,-41.97,,,
1.44,2.35E-02,-40.95,,,
1.45,2.25E-02,-39.85,,,
1.46,2.13E-02,-38.65,,,
1.47,1.99E-02,-37.32,,,
1.48,1.82E-02,-35.85,,,
1.49,1.62E-02,-34.18,,,
1.5,1.39E-02,-32.24,,,
1.51,1.12E-02,-29.96,,,
1.52,8.05E-03,-27.18,,,
1.53,4.71E-03,-23.67,,,
1.54,1.73E-03,-18.96,,,
1.55,1.43E-04,-12.02,,,
1.56,7.93E-12,1.079,,,
1.57,11.67,20.55,,,
1.58,33.78,8.437,,,
1.59,76.91,9.35E-01,,,
1.6,50,-6.05E-01,,,
1.61,141.3,60.42,,,
1.62,57.34,-96.29,,,
1.63,163.7,-379.9,,,
1.64,3.10E-07,-165.8,,,
1.65,1.24E-04,-110.2,,,
1.66,1.91E-03,-92.04,,,
1.67,5.33E-03,-82.15,,,
1.68,9.05E-03,-75.73,,,
1.69,1.24E-02,-71.14,,,
1.7,1.52E-02,-67.66,,,
1.71,1.76E-02,-64.9,,,
1.72,1.95E-02,-62.65,,,
1.73,2.10E-02,-60.76,,,
1.74,2.23E-02,-59.14,,,
1.75,2.33E-02,-57.73,,,
1.76,2.42E-02,-56.49,,,
1.77,2.49E-02,-55.38,,,
1.78,2.55E-02,-54.38,,,
1.79,2.60E-02,-53.47,,,
1.8,2.65E-02,-52.63,,,
1.81,2.68E-02,-51.86,,,
1.82,2.71E-02,-51.15,,,
1.83,2.74E-02,-50.48,,,
1.84,2.76E-02,-49.86,,,
1.85,2.78E-02,-49.27,,,
1.86,2.80E-02,-48.72,,,
1.87,2.81E-02,-48.19,,,
1.88,2.82E-02,-47.69,,,
1.89,2.83E-02,-47.21,,,
1.9,2.84E-02,-46.75,,,
1.91,2.85E-02,-46.32,,,
1.92,2.85E-02,-45.89,,,
1.93,2.86E-02,-45.49,,,
1.94,2.86E-02,-45.1,,,
1.95,2.86E-02,-44.72,,,
1.96,2.87E-02,-44.36,,,
1.97,2.87E-02,-44,,,
1.98,2.87E-02,-43.66,,,
1.99,2.87E-02,-43.33,,,
2,2.87E-02,-43,,,
2.01,2.87E-02,-42.69,,,
2.02,2.87E-02,-42.38,,,
2.03,2.87E-02,-42.08,,,
2.04,2.86E-02,-41.79,,,
2.05,2.86E-02,-41.5,,,
2.06,2.86E-02,-41.23,,,
2.07,2.86E-02,-40.95,,,
2.08,2.86E-02,-40.69,,,
2.09,2.85E-02,-40.43,,,
2.1,2.85E-02,-40.17,,,
2.11,2.85E-02,-39.92,,,
2.12,2.84E-02,-39.67,,,
2.13,2.84E-02,-39.43,,,
2.14,2.84E-02,-39.19,,,
2.15,2.83E-02,-38.96,,,
2.16,2.83E-02,-38.73,,,
2.17,2.82E-02,-38.51,,,
2.18,2.82E-02,-38.28,,,
2.19,2.82E-02,-38.07,,,
2.2,2.81E-02,-37.85,,,
2.21,2.81E-02,-37.64,,,
2.22,2.80E-02,-37.43,,,
2.23,2.80E-02,-37.23,,,
2.24,2.80E-02,-37.03,,,
2.25,2.79E-02,-36.83,,,
2.26,2.79E-02,-36.63,,,
2.27,2.78E-02,-36.44,,,
2.28,2.78E-02,-36.25,,,
2.29,2.77E-02,-36.06,,,
2.3,2.77E-02,-35.88,,,
2.31,2.76E-02,-35.69,,,
2.32,2.76E-02,-35.51,,,
2.33,2.75E-02,-35.33,,,
2.34,2.75E-02,-35.16,,,
2.35,2.74E-02,-34.98,,,
2.36,2.74E-02,-34.81,,,
2.37,2.73E-02,-34.64,,,
2.38,2.73E-02,-34.48,,,
2.39,2.72E-02,-34.31,,,
2.4,2.72E-02,-34.15,,,
2.41,2.71E-02,-33.98,,,
2.42,2.71E-02,-33.83,,,
2.43,2.70E-02,-33.67,,,
2.44,2.70E-02,-33.51,,,
2.45,2.69E-02,-33.36,,,
2.46,2.69E-02,-33.2,,,
2.47,2.68E-02,-33.05,,,
2.48,2.68E-02,-32.9,,,
2.49,2.67E-02,-32.75,,,
2.5,2.66E-02,-32.61,,,
2.51,2.66E-02,-32.46,,,
2.52,2.65E-02,-32.32,,,
2.53,2.65E-02,-32.18,,,
2.54,2.64E-02,-32.04,,,
2.55,2.64E-02,-31.9,,,
2.56,2.63E-02,-31.76,,,
2.57,2.63E-02,-31.62,,,
2.58,2.62E-02,-31.49,,,
2.59,2.62E-02,-31.36,,,
2.6,2.61E-02,-31.22,,,
2.61,2.61E-02,-31.09,,,
2.62,2.60E-02,-30.96,,,
2.63,2.60E-02,-30.83,,,
2.64,2.59E-02,-30.71,,,
2.65,2.58E-02,-30.58,,,
2.66,2.58E-02,-30.45,,,
2.67,2.57E-02,-30.33,,,
2.68,2.57E-02,-30.21,,,
2.69,2.56E-02,-30.09,,,
2.7,2.56E-02,-29.96,,,
2.71,2.55E-02,-29.85,,,
2.72,2.55E-02,-29.73,,,
2.73,2.54E-02,-29.61,,,
2.74,2.54E-02,-29.49,,,
2.75,2.53E-02,-29.38,,,
2.76,2.52E-02,-29.26,,,
2.77,2.52E-02,-29.15,,,
2.78,2.51E-02,-29.04,,,
2.79,2.51E-02,-28.92,,,
2.8,2.50E-02,-28.81,,,
2.81,2.50E-02,-28.7,,,
2.82,2.49E-02,-28.6,,,
2.83,2.49E-02,-28.49,,,
2.84,2.48E-02,-28.38,,,
2.85,2.48E-02,-28.27,,,
2.86,2.47E-02,-28.17,,,
2.87,2.47E-02,-28.06,,,
2.88,2.46E-02,-27.96,,,
2.89,2.45E-02,-27.86,,,
2.9,2.45E-02,-27.76,,,
2.91,2.44E-02,-27.65,,,
2.92,2.44E-02,-27.55,,,
2.93,2.43E-02,-27.45,,,
2.94,2.43E-02,-27.35,,,
2.95,2.42E-02,-27.26,,,
2.96,2.42E-02,-27.16,,,
2.97,2.41E-02,-27.06,,,
2.98,2.41E-02,-26.97,,,
2.99,2.40E-02,-26.87,,,
3,2.40E-02,-26.78,,,
3.01,2.39E-02,-26.68,,,
3.02,2.38E-02,-26.59,,,
3.03,2.38E-02,-26.5,,,
3.04,2.37E-02,-26.41,,,
3.05,2.37E-02,-26.31,,,
3.06,2.36E-02,-26.22,,,
3.07,2.36E-02,-26.13,,,
3.08,2.35E-02,-26.05,,,
3.09,2.35E-02,-25.96,,,
3.1,2.34E-02,-25.87,,,
3.11,2.34E-02,-25.78,,,
3.12,2.33E-02,-25.7,,,
3.13,2.33E-02,-25.61,,,
3.14,2.32E-02,-25.52,,,
3.15,2.32E-02,-25.44,,,
3.16,2.31E-02,-25.35,,,
3.17,2.30E-02,-25.27,,,
3.18,2.30E-02,-25.19,,,
3.19,2.29E-02,-25.11,,,
3.2,2.29E-02,-25.02,,,
3.21,2.28E-02,-24.94,,,
3.22,2.28E-02,-24.86,,,
3.23,2.27E-02,-24.78,,,
3.24,2.27E-02,-24.7,,,
3.25,2.26E-02,-24.62,,,
3.26,2.26E-02,-24.54,,,
3.27,2.25E-02,-24.47,,,
3.28,2.25E-02,-24.39,,,
3.29,2.24E-02,-24.31,,,
3.3,2.24E-02,-24.23,,,
3.31,2.23E-02,-24.16,,,
3.32,2.23E-02,-24.08,,,
3.33,2.22E-02,-24.01,,,
3.34,2.22E-02,-23.93,,,
3.35,2.21E-02,-23.86,,,
3.36,2.21E-02,-23.79,,,
3.37,2.20E-02,-23.71,,,
3.38,2.20E-02,-23.64,,,
3.39,2.19E-02,-23.57,,,
3.4,2.19E-02,-23.5,,,
3.41,2.18E-02,-23.42,,,
3.42,2.18E-02,-23.35,,,
3.43,2.17E-02,-23.28,,,
3.44,2.17E-02,-23.21,,,
3.45,2.16E-02,-23.14,,,
3.46,2.16E-02,-23.07,,,
3.47,2.15E-02,-23.01,,,
3.48,2.15E-02,-22.94,,,
3.49,2.14E-02,-22.87,,,
3.5,2.14E-02,-22.8,,,
3.51,2.13E-02,-22.73,,,
3.52,2.13E-02,-22.67,,,
3.53,2.12E-02,-22.6,,,
3.54,2.12E-02,-22.54,,,
3.55,2.11E-02,-22.47,,,
3.56,2.11E-02,-22.4,,,
3.57,2.10E-02,-22.34,,,
3.58,2.10E-02,-22.28,,,
3.59,2.09E-02,-22.21,,,
3.6,2.09E-02,-22.15,,,
3.61,2.08E-02,-22.09,,,
3.62,2.08E-02,-22.02,,,
3.63,2.07E-02,-21.96,,,
3.64,2.07E-02,-21.9,,,
3.65,2.06E-02,-21.84,,,
3.66,2.06E-02,-21.77,,,
3.67,2.05E-02,-21.71,,,
3.68,2.05E-02,-21.65,,,
3.69,2.04E-02,-21.59,,,
3.7,2.04E-02,-21.53,,,
3.71,2.03E-02,-21.47,,,
3.72,2.03E-02,-21.41,,,
3.73,2.02E-02,-21.35,,,
3.74,2.02E-02,-21.3,,,
3.75,2.01E-02,-21.24,,,
3.76,2.01E-02,-21.18,,,
3.77,2.00E-02,-21.12,,,
3.78,2.00E-02,-21.07,,,
3.79,1.99E-02,-21.01,,,
3.8,1.99E-02,-20.95,,,
3.81,1.98E-02,-20.89,,,
3.82,1.98E-02,-20.84,,,
3.83,1.98E-02,-20.78,,,
3.84,1.97E-02,-20.73,,,
3.85,1.97E-02,-20.67,,,
3.86,1.96E-02,-20.62,,,
3.87,1.96E-02,-20.56,,,
3.88,1.95E-02,-20.51,,,
3.89,1.95E-02,-20.45,,,
3.9,1.94E-02,-20.4,,,
3.91,1.94E-02,-20.35,,,
3.92,1.93E-02,-20.29,,,
3.93,1.93E-02,-20.24,,,
3.94,1.92E-02,-20.19,,,
3.95,1.92E-02,-20.14,,,
3.96,1.92E-02,-20.08,,,
3.97,1.91E-02,-20.03,,,
3.98,1.91E-02,-19.98,,,
3.99,1.90E-02,-19.93,,,
4,1.90E-02,-19.88,,,
4.01,1.89E-02,-19.83,,,
4.02,1.89E-02,-19.78,,,
4.03,1.88E-02,-19.73,,,
4.04,1.88E-02,-19.68,,,
4.05,1.87E-02,-19.63,,,
4.06,1.87E-02,-19.58,,,
4.07,1.87E-02,-19.53,,,
4.08,1.86E-02,-19.48,,,
4.09,1.86E-02,-19.43,,,
4.1,1.85E-02,-19.38,,,
4.11,1.85E-02,-19.34,,,
4.12,1.84E-02,-19.29,,,
4.13,1.84E-02,-19.24,,,
4.14,1.83E-02,-19.19,,,
4.15,1.83E-02,-19.15,,,
4.16,1.83E-02,-19.1,,,
4.17,1.82E-02,-19.05,,,
4.18,1.82E-02,-19.01,,,
4.19,1.81E-02,-18.96,,,
4.2,1.81E-02,-18.91,,,
4.21,1.80E-02,-18.87,,,
4.22,1.80E-02,-18.82,,,
4.23,1.80E-02,-18.78,,,
4.24,1.79E-02,-18.73,,,
4.25,1.79E-02,-18.69,,,
4.26,1.78E-02,-18.64,,,
4.27,1.78E-02,-18.6,,,
4.28,1.77E-02,-18.55,,,
4.29,1.77E-02,-18.51,,,
4.3,1.77E-02,-18.47,,,
4.31,1.76E-02,-18.42,,,
4.32,1.76E-02,-18.38,,,
4.33,1.75E-02,-18.34,,,
4.34,1.75E-02,-18.29,,,
4.35,1.74E-02,-18.25,,,
4.36,1.74E-02,-18.21,,,
4.37,1.74E-02,-18.17,,,
4.38,1.73E-02,-18.12,,,
4.39,1.73E-02,-18.08,,,
4.4,1.72E-02,-18.04,,,
4.41,1.72E-02,-18,,,
4.42,1.72E-02,-17.96,,,
4.43,1.71E-02,-17.92,,,
4.44,1.71E-02,-17.87,,,
4.45,1.70E-02,-17.83,,,
4.46,1.70E-02,-17.79,,,
4.47,1.70E-02,-17.75,,,
4.48,1.69E-02,-17.71,,,
4.49,1.69E-02,-17.67,,,
4.5,1.68E-02,-17.63,,,
4.51,1.68E-02,-17.59,,,
4.52,1.68E-02,-17.55,,,
4.53,1.67E-02,-17.51,,,
4.54,1.67E-02,-17.47,,,
4.55,1.66E-02,-17.44,,,
4.56,1.66E-02,-17.4,,,
4.57,1.66E-02,-17.36,,,
4.58,1.65E-02,-17.32,,,
4.59,1.65E-02,-17.28,,,
4.6,1.64E-02,-17.24,,,
4.61,1.64E-02,-17.2,,,
4.62,1.64E-02,-17.17,,,
4.63,1.63E-02,-17.13,,,
4.64,1.63E-02,-17.09,,,
4.65,1.62E-02,-17.05,,,
4.66,1.62E-02,-17.02,,,
4.67,1.62E-02,-16.98,,,
4.68,1.61E-02,-16.94,,,
4.69,1.61E-02,-16.91,,,
4.7,1.61E-02,-16.87,,,
4.71,1.60E-02,-16.83,,,
4.72,1.60E-02,-16.8,,,
4.73,1.59E-02,-16.76,,,
4.74,1.59E-02,-16.73,,,
4.75,1.59E-02,-16.69,,,
4.76,1.58E-02,-16.66,,,
4.77,1.58E-02,-16.62,,,
4.78,1.58E-02,-16.58,,,
4.79,1.57E-02,-16.55,,,
4.8,1.57E-02,-16.51,,,
4.81,1.56E-02,-16.48,,,
4.82,1.56E-02,-16.45,,,
4.83,1.56E-02,-16.41,,,
4.84,1.55E-02,-16.38,,,
4.85,1.55E-02,-16.34,,,
4.86,1.55E-02,-16.31,,,
4.87,1.54E-02,-16.27,,,
4.88,1.54E-02,-16.24,,,
4.89,1.54E-02,-16.21,,,
4.9,1.53E-02,-16.17,,,
4.91,1.53E-02,-16.14,,,
4.92,1.52E-02,-16.11,,,
4.93,1.52E-02,-16.07,,,
4.94,1.52E-02,-16.04,,,
4.95,1.51E-02,-16.01,,,
4.96,1.51E-02,-15.98,,,
4.97,1.51E-02,-15.94,,,
4.98,1.50E-02,-15.91,,,
4.99,1.50E-02,-15.88,,,
5,1.50E-02,-15.85,,,
5.01,1.49E-02,-15.81,,,
5.02,1.49E-02,-15.78,,,
5.03,1.49E-02,-15.75,,,
5.04,1.48E-02,-15.72,,,
5.05,1.48E-02,-15.69,,,
5.06,1.47E-02,-15.66,,,
5.07,1.47E-02,-15.62,,,
5.08,1.47E-02,-15.59,,,
5.09,1.46E-02,-15.56,,,
5.1,1.46E-02,-15.53,,,
5.11,1.46E-02,-15.5,,,
5.12,1.45E-02,-15.47,,,
5.13,1.45E-02,-15.44,,,
5.14,1.45E-02,-15.41,,,
5.15,1.44E-02,-15.38,,,
5.16,1.44E-02,-15.35,,,
5.17,1.44E-02,-15.32,,,
5.18,1.43E-02,-15.29,,,
5.19,1.43E-02,-15.26,,,
5.2,1.43E-02,-15.23,,,
5.21,1.42E-02,-15.2,,,
5.22,1.42E-02,-15.17,,,
5.23,1.42E-02,-15.14,,,
5.24,1.41E-02,-15.11,,,
5.25,1.41E-02,-15.08,,,
5.26,1.41E-02,-15.05,,,
5.27,1.40E-02,-15.03,,,
5.28,1.40E-02,-15,,,
5.29,1.40E-02,-14.97,,,
5.3,1.39E-02,-14.94,,,
5.31,1.39E-02,-14.91,,,
5.32,1.39E-02,-14.88,,,
5.33,1.38E-02,-14.85,,,
5.34,1.38E-02,-14.83,,,
5.35,1.38E-02,-14.8,,,
5.36,1.38E-02,-14.77,,,
5.37,1.37E-02,-14.74,,,
5.38,1.37E-02,-14.71,,,
5.39,1.37E-02,-14.69,,,
5.4,1.36E-02,-14.66,,,
5.41,1.36E-02,-14.63,,,
5.42,1.36E-02,-14.61,,,
5.43,1.35E-02,-14.58,,,
5.44,1.35E-02,-14.55,,,
5.45,1.35E-02,-14.52,,,
5.46,1.34E-02,-14.5,,,
5.47,1.34E-02,-14.47,,,
5.48,1.34E-02,-14.44,,,
5.49,1.33E-02,-14.42,,,
5.5,1.33E-02,-14.39,,,
5.51,1.33E-02,-14.36,,,
5.52,1.33E-02,-14.34,,,
5.53,1.32E-02,-14.31,,,
5.54,1.32E-02,-14.29,,,
5.55,1.32E-02,-14.26,,,
5.56,1.31E-02,-14.23,,,
5.57,1.31E-02,-14.21,,,
5.58,1.31E-02,-14.18,,,
5.59,1.30E-02,-14.16,,,
5.6,1.30E-02,-14.13,,,
5.61,1.30E-02,-14.11,,,
5.62,1.30E-02,-14.08,,,
5.63,1.29E-02,-14.06,,,
5.64,1.29E-02,-14.03,,,
5.65,1.29E-02,-14.01,,,
5.66,1.28E-02,-13.98,,,
5.67,1.28E-02,-13.96,,,
5.68,1.28E-02,-13.93,,,
5.69,1.27E-02,-13.91,,,
5.7,1.27E-02,-13.88,,,
5.71,1.27E-02,-13.86,,,
5.72,1.27E-02,-13.83,,,
5.73,1.26E-02,-13.81,,,
5.74,1.26E-02,-13.78,,,
5.75,1.26E-02,-13.76,,,
5.76,1.25E-02,-13.74,,,
5.77,1.25E-02,-13.71,,,
5.78,1.25E-02,-13.69,,,
5.79,1.25E-02,-13.66,,,
5.8,1.24E-02,-13.64,,,
5.81,1.24E-02,-13.62,,,
5.82,1.24E-02,-13.59,,,
5.83,1.23E-02,-13.57,,,
5.84,1.23E-02,-13.55,,,
5.85,1.23E-02,-13.52,,,
5.86,1.23E-02,-13.5,,,
5.87,1.22E-02,-13.48,,,
5.88,1.22E-02,-13.45,,,
5.89,1.22E-02,-13.43,,,
5.9,1.22E-02,-13.41,,,
5.91,1.21E-02,-13.38,,,
5.92,1.21E-02,-13.36,,,
5.93,1.21E-02,-13.34,,,
5.94,1.20E-02,-13.32,,,
5.95,1.20E-02,-13.29,,,
5.96,1.20E-02,-13.27,,,
5.97,1.20E-02,-13.25,,,
5.98,1.19E-02,-13.23,,,
5.99,1.19E-02,-13.2,,,
6,1.19E-02,-13.18,,,
6.01,1.19E-02,-13.16,,,
6.02,1.18E-02,-13.14,,,
6.03,1.18E-02,-13.12,,,
6.04,1.18E-02,-13.09,,,
6.05,1.18E-02,-13.07,,,
6.06,1.17E-02,-13.05,,,
6.07,1.17E-02,-13.03,,,
6.08,1.17E-02,-13.01,,,
6.09,1.16E-02,-12.99,,,
6.1,1.16E-02,-12.96,,,
6.11,1.16E-02,-12.94,,,
6.12,1.16E-02,-12.92,,,
6.13,1.15E-02,-12.9,,,
6.14,1.15E-02,-12.88,,,
6.15,1.15E-02,-12.86,,,
6.16,1.15E-02,-12.84,,,
6.17,1.14E-02,-12.82,,,
6.18,1.14E-02,-12.8,,,
6.19,1.14E-02,-12.77,,,
6.2,1.14E-02,-12.75,,,
6.21,1.13E-02,-12.73,,,
6.22,1.13E-02,-12.71,,,
6.23,1.13E-02,-12.69,,,
6.24,1.13E-02,-12.67,,,
6.25,1.12E-02,-12.65,,,
6.26,1.12E-02,-12.63,,,
6.27,1.12E-02,-12.61,,,
6.28,1.12E-02,-12.59,,,
6.29,1.11E-02,-12.57,,,
6.3,1.11E-02,-12.55,,,
6.31,1.11E-02,-12.53,,,
6.32,1.11E-02,-12.51,,,
6.33,1.10E-02,-12.49,,,
6.34,1.10E-02,-12.47,,,
6.35,1.10E-02,-12.45,,,
6.36,1.10E-02,-12.43,,,
6.37,1.10E-02,-12.41,,,
6.38,1.09E-02,-12.39,,,
6.39,1.09E-02,-12.37,,,
6.4,1.09E-02,-12.35,,,
6.41,1.09E-02,-12.33,,,
6.42,1.08E-02,-12.31,,,
6.43,1.08E-02,-12.29,,,
6.44,1.08E-02,-12.28,,,
6.45,1.08E-02,-12.26,,,
6.46,1.07E-02,-12.24,,,
6.47,1.07E-02,-12.22,,,
6.48,1.07E-02,-12.2,,,
6.49,1.07E-02,-12.18,,,
6.5,1.06E-02,-12.16,,,
6.51,1.06E-02,-12.14,,,
6.52,1.06E-02,-12.12,,,
6.53,1.06E-02,-12.11,,,
6.54,1.06E-02,-12.09,,,
6.55,1.05E-02,-12.07,,,
6.56,1.05E-02,-12.05,,,
6.57,1.05E-02,-12.03,,,
6.58,1.05E-02,-12.01,,,
6.59,1.04E-02,-11.99,,,
6.6,1.04E-02,-11.98,,,
6.61,1.04E-02,-11.96,,,
6.62,1.04E-02,-11.94,,,
6.63,1.03E-02,-11.92,,,
6.64,1.03E-02,-11.9,,,
6.65,1.03E-02,-11.89,,,
6.66,1.03E-02,-11.87,,,
6.67,1.03E-02,-11.85,,,
6.68,1.02E-02,-11.83,,,
6.69,1.02E-02,-11.81,,,
6.7,1.02E-02,-11.8,,,
6.71,1.02E-02,-11.78,,,
6.72,1.02E-02,-11.76,,,
6.73,1.01E-02,-11.74,,,
6.74,1.01E-02,-11.73,,,
6.75,1.01E-02,-11.71,,,
6.76,1.01E-02,-11.69,,,
6.77,1.00E-02,-11.67,,,
6.78,1.00E-02,-11.66,,,
6.79,1.00E-02,-11.64,,,
6.8,9.97E-03,-11.62,,,
6.81,9.95E-03,-11.6,,,
6.82,9.93E-03,-11.59,,,
6.83,9.91E-03,-11.57,,,
6.84,9.89E-03,-11.55,,,
6.85,9.87E-03,-11.54,,,
6.86,9.85E-03,-11.52,,,
6.87,9.83E-03,-11.5,,,
6.88,9.81E-03,-11.49,,,
6.89,9.79E-03,-11.47,,,
6.9,9.76E-03,-11.45,,,
6.91,9.74E-03,-11.44,,,
6.92,9.72E-03,-11.42,,,
6.93,9.70E-03,-11.4,,,
6.94,9.68E-03,-11.39,,,
6.95,9.66E-03,-11.37,,,
6.96,9.64E-03,-11.35,,,
6.97,9.62E-03,-11.34,,,
6.98,9.60E-03,-11.32,,,
6.99,9.58E-03,-11.3,,,
7,9.56E-03,-11.29,,,
7.01,9.54E-03,-11.27,,,
7.02,9.52E-03,-11.26,,,
7.03,9.50E-03,-11.24,,,
7.04,9.48E-03,-11.22,,,
7.05,9.46E-03,-11.21,,,
7.06,9.44E-03,-11.19,,,
7.07,9.42E-03,-11.18,,,
7.08,9.40E-03,-11.16,,,
7.09,9.38E-03,-11.14,,,
7.1,9.36E-03,-11.13,,,
7.11,9.34E-03,-11.11,,,
7.12,9.32E-03,-11.1,,,
7.13,9.30E-03,-11.08,,,
7.14,9.28E-03,-11.07,,,
7.15,9.26E-03,-11.05,,,
7.16,9.25E-03,-11.03,,,
7.17,9.23E-03,-11.02,,,
7.18,9.21E-03,-11,,,
7.19,9.19E-03,-10.99,,,
7.2,9.17E-03,-10.97,,,
7.21,9.15E-03,-10.96,,,
7.22,9.13E-03,-10.94,,,
7.23,9.11E-03,-10.93,,,
7.24,9.09E-03,-10.91,,,
7.25,9.07E-03,-10.9,,,
7.26,9.06E-03,-10.88,,,
7.27,9.04E-03,-10.87,,,
7.28,9.02E-03,-10.85,,,
7.29,9.00E-03,-10.84,,,
7.3,8.98E-03,-10.82,,,
7.31,8.96E-03,-10.81,,,
7.32,8.94E-03,-10.79,,,
7.33,8.93E-03,-10.78,,,
7.34,8.91E-03,-10.76,,,
7.35,8.89E-03,-10.75,,,
7.36,8.87E-03,-10.73,,,
7.37,8.85E-03,-10.72,,,
7.38,8.83E-03,-10.7,,,
7.39,8.82E-03,-10.69,,,
7.4,8.80E-03,-10.68,,,
7.41,8.78E-03,-10.66,,,
7.42,8.76E-03,-10.65,,,
7.43,8.75E-03,-10.63,,,
7.44,8.73E-03,-10.62,,,
7.45,8.71E-03,-10.6,,,
7.46,8.69E-03,-10.59,,,
7.47,8.67E-03,-10.57,,,
7.48,8.66E-03,-10.56,,,
7.49,8.64E-03,-10.55,,,
7.5,8.62E-03,-10.53,,,
7.51,8.60E-03,-10.52,,,
7.52,8.59E-03,-10.5,,,
7.53,8.57E-03,-10.49,,,
7.54,8.55E-03,-10.48,,,
7.55,8.53E-03,-10.46,,,
7.56,8.52E-03,-10.45,,,
7.57,8.50E-03,-10.43,,,
7.58,8.48E-03,-10.42,,,
7.59,8.47E-03,-10.41,,,
7.6,8.45E-03,-10.39,,,
7.61,8.43E-03,-10.38,,,
7.62,8.41E-03,-10.37,,,
7.63,8.40E-03,-10.35,,,
7.64,8.38E-03,-10.34,,,
7.65,8.36E-03,-10.32,,,
7.66,8.35E-03,-10.31,,,
7.67,8.33E-03,-10.3,,,
7.68,8.31E-03,-10.28,,,
7.69,8.30E-03,-10.27,,,
7.7,8.28E-03,-10.26,,,
7.71,8.26E-03,-10.24,,,
7.72,8.25E-03,-10.23,,,
7.73,8.23E-03,-10.22,,,
7.74,8.21E-03,-10.2,,,
7.75,8.20E-03,-10.19,,,
7.76,8.18E-03,-10.18,,,
7.77,8.17E-03,-10.16,,,
7.78,8.15E-03,-10.15,,,
7.79,8.13E-03,-10.14,,,
7.8,8.12E-03,-10.13,,,
7.81,8.10E-03,-10.11,,,
7.82,8.08E-03,-10.1,,,
7.83,8.07E-03,-10.09,,,
7.84,8.05E-03,-10.07,,,
7.85,8.04E-03,-10.06,,,
7.86,8.02E-03,-10.05,,,
7.87,8.00E-03,-10.03,,,
7.88,7.99E-03,-10.02,,,
7.89,7.97E-03,-10.01,,,
7.9,7.96E-03,-9.997,,,
7.91,7.94E-03,-9.984,,,
7.92,7.93E-03,-9.971,,,
7.93,7.91E-03,-9.959,,,
7.94,7.89E-03,-9.946,,,
7.95,7.88E-03,-9.934,,,
7.96,7.86E-03,-9.921,,,
7.97,7.85E-03,-9.909,,,
7.98,7.83E-03,-9.896,,,
7.99,7.82E-03,-9.884,,,
8,7.80E-03,-9.871,,,
8.01,7.79E-03,-9.859,,,
8.02,7.77E-03,-9.847,,,
8.03,7.76E-03,-9.834,,,
8.04,7.74E-03,-9.822,,,
8.05,7.73E-03,-9.81,,,
8.06,7.71E-03,-9.797,,,
8.07,7.70E-03,-9.785,,,
8.08,7.68E-03,-9.773,,,
8.09,7.67E-03,-9.761,,,
8.1,7.65E-03,-9.749,,,
8.11,7.64E-03,-9.737,,,
8.12,7.62E-03,-9.725,,,
8.13,7.61E-03,-9.713,,,
8.14,7.59E-03,-9.701,,,
8.15,7.58E-03,-9.689,,,
8.16,7.56E-03,-9.677,,,
8.17,7.55E-03,-9.665,,,
8.18,7.53E-03,-9.653,,,
8.19,7.52E-03,-9.641,,,
8.2,7.50E-03,-9.63,,,
8.21,7.49E-03,-9.618,,,
8.22,7.47E-03,-9.606,,,
8.23,7.46E-03,-9.594,,,
8.24,7.45E-03,-9.583,,,
8.25,7.43E-03,-9.571,,,
8.26,7.42E-03,-9.559,,,
8.27,7.40E-03,-9.548,,,
8.28,7.39E-03,-9.536,,,
8.29,7.37E-03,-9.525,,,
8.3,7.36E-03,-9.513,,,
8.31,7.35E-03,-9.502,,,
8.32,7.33E-03,-9.49,,,
8.33,7.32E-03,-9.479,,,
8.34,7.30E-03,-9.467,,,
8.35,7.29E-03,-9.456,,,
8.36,7.28E-03,-9.445,,,
8.37,7.26E-03,-9.433,,,
8.38,7.25E-03,-9.422,,,
8.39,7.23E-03,-9.411,,,
8.4,7.22E-03,-9.4,,,
8.41,7.21E-03,-9.388,,,
8.42,7.19E-03,-9.377,,,
8.43,7.18E-03,-9.366,,,
8.44,7.17E-03,-9.355,,,
8.45,7.15E-03,-9.344,,,
8.46,7.14E-03,-9.333,,,
8.47,7.13E-03,-9.322,,,
8.48,7.11E-03,-9.311,,,
8.49,7.10E-03,-9.3,,,
8.5,7.09E-03,-9.289,,,
8.51,7.07E-03,-9.278,,,
8.52,7.06E-03,-9.267,,,
8.53,7.04E-03,-9.256,,,
8.54,7.03E-03,-9.245,,,
8.55,7.02E-03,-9.234,,,
8.56,7.01E-03,-9.223,,,
8.57,6.99E-03,-9.212,,,
8.58,6.98E-03,-9.202,,,
8.59,6.97E-03,-9.191,,,
8.6,6.95E-03,-9.18,,,
8.61,6.94E-03,-9.17,,,
8.62,6.93E-03,-9.159,,,
8.63,6.91E-03,-9.148,,,
8.64,6.90E-03,-9.138,,,
8.65,6.89E-03,-9.127,,,
8.66,6.87E-03,-9.116,,,
8.67,6.86E-03,-9.106,,,
8.68,6.85E-03,-9.095,,,
8.69,6.84E-03,-9.085,,,
8.7,6.82E-03,-9.074,,,
8.71,6.81E-03,-9.064,,,
8.72,6.80E-03,-9.054,,,
8.73,6.79E-03,-9.043,,,
8.74,6.77E-03,-9.033,,,
8.75,6.76E-03,-9.022,,,
8.76,6.75E-03,-9.012,,,
8.77,6.74E-03,-9.002,,,
8.78,6.72E-03,-8.991,,,
8.79,6.71E-03,-8.981,,,
8.8,6.70E-03,-8.971,,,
8.81,6.69E-03,-8.961,,,
8.82,6.67E-03,-8.951,,,
8.83,6.66E-03,-8.94,,,
8.84,6.65E-03,-8.93,,,
8.85,6.64E-03,-8.92,,,
8.86,6.62E-03,-8.91,,,
8.87,6.61E-03,-8.9,,,
8.88,6.60E-03,-8.89,,,
8.89,6.59E-03,-8.88,,,
8.9,6.58E-03,-8.87,,,
8.91,6.56E-03,-8.86,,,
8.92,6.55E-03,-8.85,,,
8.93,6.54E-03,-8.84,,,
8.94,6.53E-03,-8.83,,,
8.95,6.52E-03,-8.82,,,
8.96,6.50E-03,-8.81,,,
8.97,6.49E-03,-8.8,,,
8.98,6.48E-03,-8.791,,,
8.99,6.47E-03,-8.781,,,
9,6.46E-03,-8.771,,,
9.01,6.44E-03,-8.761,,,
9.02,6.43E-03,-8.752,,,
9.03,6.42E-03,-8.742,,,
9.04,6.41E-03,-8.732,,,
9.05,6.40E-03,-8.722,,,
9.06,6.39E-03,-8.713,,,
9.07,6.37E-03,-8.703,,,
9.08,6.36E-03,-8.694,,,
9.09,6.35E-03,-8.684,,,
9.1,6.34E-03,-8.674,,,
9.11,6.33E-03,-8.665,,,
9.12,6.32E-03,-8.655,,,
9.13,6.31E-03,-8.646,,,
9.14,6.29E-03,-8.636,,,
9.15,6.28E-03,-8.627,,,
9.16,6.27E-03,-8.617,,,
9.17,6.26E-03,-8.608,,,
9.18,6.25E-03,-8.599,,,
9.19,6.24E-03,-8.589,,,
9.2,6.23E-03,-8.58,,,
9.21,6.21E-03,-8.571,,,
9.22,6.20E-03,-8.561,,,
9.23,6.19E-03,-8.552,,,
9.24,6.18E-03,-8.543,,,
9.25,6.17E-03,-8.533,,,
9.26,6.16E-03,-8.524,,,
9.27,6.15E-03,-8.515,,,
9.28,6.14E-03,-8.506,,,
9.29,6.13E-03,-8.497,,,
9.3,6.12E-03,-8.487,,,
9.31,6.10E-03,-8.478,,,
9.32,6.09E-03,-8.469,,,
9.33,6.08E-03,-8.46,,,
9.34,6.07E-03,-8.451,,,
9.35,6.06E-03,-8.442,,,
9.36,6.05E-03,-8.433,,,
9.37,6.04E-03,-8.424,,,
9.38,6.03E-03,-8.415,,,
9.39,6.02E-03,-8.406,,,
9.4,6.01E-03,-8.397,,,
9.41,6.00E-03,-8.388,,,
9.42,5.99E-03,-8.379,,,
9.43,5.98E-03,-8.37,,,
9.44,5.96E-03,-8.361,,,
9.45,5.95E-03,-8.352,,,
9.46,5.94E-03,-8.343,,,
9.47,5.93E-03,-8.335,,,
9.48,5.92E-03,-8.326,,,
9.49,5.91E-03,-8.317,,,
9.5,5.90E-03,-8.308,,,
9.51,5.89E-03,-8.299,,,
9.52,5.88E-03,-8.291,,,
9.53,5.87E-03,-8.282,,,
9.54,5.86E-03,-8.273,,,
9.55,5.85E-03,-8.265,,,
9.56,5.84E-03,-8.256,,,
9.57,5.83E-03,-8.247,,,
9.58,5.82E-03,-8.239,,,
9.59,5.81E-03,-8.23,,,
9.6,5.80E-03,-8.221,,,
9.61,5.79E-03,-8.213,,,
9.62,5.78E-03,-8.204,,,
9.63,5.77E-03,-8.196,,,
9.64,5.76E-03,-8.187,,,
9.65,5.75E-03,-8.179,,,
9.66,5.74E-03,-8.17,,,
9.67,5.73E-03,-8.162,,,
9.68,5.72E-03,-8.153,,,
9.69,5.71E-03,-8.145,,,
9.7,5.70E-03,-8.136,,,
9.71,5.69E-03,-8.128,,,
9.72,5.68E-03,-8.12,,,
9.73,5.67E-03,-8.111,,,
9.74,5.66E-03,-8.103,,,
9.75,5.65E-03,-8.095,,,
9.76,5.64E-03,-8.086,,,
9.77,5.63E-03,-8.078,,,
9.78,5.62E-03,-8.07,,,
9.79,5.61E-03,-8.062,,,
9.8,5.60E-03,-8.053,,,
9.81,5.59E-03,-8.045,,,
9.82,5.58E-03,-8.037,,,
9.83,5.57E-03,-8.029,,,
9.84,5.56E-03,-8.02,,,
9.85,5.55E-03,-8.012,,,
9.86,5.54E-03,-8.004,,,
9.87,5.53E-03,-7.996,,,
9.88,5.52E-03,-7.988,,,
9.89,5.52E-03,-7.98,,,
9.9,5.51E-03,-7.972,,,
9.91,5.50E-03,-7.964,,,
9.92,5.49E-03,-7.956,,,
9.93,5.48E-03,-7.948,,,
9.94,5.47E-03,-7.94,,,
9.95,5.46E-03,-7.932,,,
9.96,5.45E-03,-7.924,,,
9.97,5.44E-03,-7.916,,,
9.98,5.43E-03,-7.908,,,
9.99,5.42E-03,-7.9,,,
10,5.41E-03,-7.892,,,
10.01,5.40E-03,-7.884,,,
10.02,5.39E-03,-7.876,,,
10.03,5.38E-03,-7.868,,,
10.04,5.38E-03,-7.86,,,
10.05,5.37E-03,-7.852,,,
10.06,5.36E-03,-7.845,,,
10.07,5.35E-03,-7.837,,,
10.08,5.34E-03,-7.829,,,
10.09,5.33E-03,-7.821,,,
10.1,5.32E-03,-7.814,,,
10.11,5.31E-03,-7.806,,,
10.12,5.30E-03,-7.798,,,
10.13,5.29E-03,-7.79,,,
10.14,5.29E-03,-7.783,,,
10.15,5.28E-03,-7.775,,,
10.16,5.27E-03,-7.767,,,
10.17,5.26E-03,-7.76,,,
10.18,5.25E-03,-7.752,,,
10.19,5.24E-03,-7.744,,,
10.2,5.23E-03,-7.737,,,
10.21,5.22E-03,-7.729,,,
10.22,5.22E-03,-7.722,,,
10.23,5.21E-03,-7.714,,,
10.24,5.20E-03,-7.706,,,
10.25,5.19E-03,-7.699,,,
10.26,5.18E-03,-7.691,,,
10.27,5.17E-03,-7.684,,,
10.28,5.16E-03,-7.676,,,
10.29,5.15E-03,-7.669,,,
10.3,5.15E-03,-7.661,,,
10.31,5.14E-03,-7.654,,,
10.32,5.13E-03,-7.647,,,
10.33,5.12E-03,-7.639,,,
10.34,5.11E-03,-7.632,,,
10.35,5.10E-03,-7.624,,,
10.36,5.09E-03,-7.617,,,
10.37,5.09E-03,-7.61,,,
10.38,5.08E-03,-7.602,,,
10.39,5.07E-03,-7.595,,,
10.4,5.06E-03,-7.588,,,
10.41,5.05E-03,-7.58,,,
10.42,5.04E-03,-7.573,,,
10.43,5.04E-03,-7.566,,,
10.44,5.03E-03,-7.559,,,
10.45,5.02E-03,-7.551,,,
10.46,5.01E-03,-7.544,,,
10.47,5.00E-03,-7.537,,,
10.48,4.99E-03,-7.53,,,
10.49,4.99E-03,-7.522,,,
10.5,4.98E-03,-7.515,,,
10.51,4.97E-03,-7.508,,,
10.52,4.96E-03,-7.501,,,
10.53,4.95E-03,-7.494,,,
10.54,4.95E-03,-7.487,,,
10.55,4.94E-03,-7.48,,,
10.56,4.93E-03,-7.472,,,
10.57,4.92E-03,-7.465,,,
10.58,4.91E-03,-7.458,,,
10.59,4.91E-03,-7.451,,,
10.6,4.90E-03,-7.444,,,
10.61,4.89E-03,-7.437,,,
10.62,4.88E-03,-7.43,,,
10.63,4.87E-03,-7.423,,,
10.64,4.87E-03,-7.416,,,
10.65,4.86E-03,-7.409,,,
10.66,4.85E-03,-7.402,,,
10.67,4.84E-03,-7.395,,,
10.68,4.83E-03,-7.388,,,
10.69,4.83E-03,-7.381,,,
10.7,4.82E-03,-7.375,,,
10.71,4.81E-03,-7.368,,,
10.72,4.80E-03,-7.361,,,
10.73,4.80E-03,-7.354,,,
10.74,4.79E-03,-7.347,,,
10.75,4.78E-03,-7.34,,,
10.76,4.77E-03,-7.333,,,
10.77,4.76E-03,-7.326,,,
10.78,4.76E-03,-7.32,,,
10.79,4.75E-03,-7.313,,,
10.8,4.74E-03,-7.306,,,
10.81,4.73E-03,-7.299,,,
10.82,4.73E-03,-7.293,,,
10.83,4.72E-03,-7.286,,,
10.84,4.71E-03,-7.279,,,
10.85,4.70E-03,-7.272,,,
10.86,4.70E-03,-7.266,,,
10.87,4.69E-03,-7.259,,,
10.88,4.68E-03,-7.252,,,
10.89,4.67E-03,-7.246,,,
10.9,4.67E-03,-7.239,,,
10.91,4.66E-03,-7.232,,,
10.92,4.65E-03,-7.226,,,
10.93,4.64E-03,-7.219,,,
10.94,4.64E-03,-7.212,,,
10.95,4.63E-03,-7.206,,,
10.96,4.62E-03,-7.199,,,
10.97,4.61E-03,-7.193,,,
10.98,4.61E-03,-7.186,,,
10.99,4.60E-03,-7.18,,,
11,4.59E-03,-7.173,,,
11.01,4.58E-03,-7.166,,,
11.02,4.58E-03,-7.16,,,
11.03,4.57E-03,-7.153,,,
11.04,4.56E-03,-7.147,,,
11.05,4.56E-03,-7.141,,,
11.06,4.55E-03,-7.134,,,
11.07,4.54E-03,-7.128,,,
11.08,4.53E-03,-7.121,,,
11.09,4.53E-03,-7.115,,,
11.1,4.52E-03,-7.108,,,
11.11,4.51E-03,-7.102,,,
11.12,4.51E-03,-7.095,,,
11.13,4.50E-03,-7.089,,,
11.14,4.49E-03,-7.083,,,
11.15,4.48E-03,-7.076,,,
11.16,4.48E-03,-7.07,,,
11.17,4.47E-03,-7.064,,,
11.18,4.46E-03,-7.057,,,
11.19,4.46E-03,-7.051,,,
11.2,4.45E-03,-7.045,,,
11.21,4.44E-03,-7.038,,,
11.22,4.44E-03,-7.032,,,
11.23,4.43E-03,-7.026,,,
11.24,4.42E-03,-7.02,,,
11.25,4.41E-03,-7.013,,,
11.26,4.41E-03,-7.007,,,
11.27,4.40E-03,-7.001,,,
11.28,4.39E-03,-6.995,,,
11.29,4.39E-03,-6.988,,,
11.3,4.38E-03,-6.982,,,
11.31,4.37E-03,-6.976,,,
11.32,4.37E-03,-6.97,,,
11.33,4.36E-03,-6.964,,,
11.34,4.35E-03,-6.958,,,
11.35,4.35E-03,-6.951,,,
11.36,4.34E-03,-6.945,,,
11.37,4.33E-03,-6.939,,,
11.38,4.33E-03,-6.933,,,
11.39,4.32E-03,-6.927,,,
11.4,4.31E-03,-6.921,,,
11.41,4.31E-03,-6.915,,,
11.42,4.30E-03,-6.909,,,
11.43,4.29E-03,-6.903,,,
11.44,4.29E-03,-6.897,,,
11.45,4.28E-03,-6.891,,,
11.46,4.27E-03,-6.885,,,
11.47,4.27E-03,-6.879,,,
11.48,4.26E-03,-6.873,,,
11.49,4.25E-03,-6.867,,,
11.5,4.25E-03,-6.861,,,
11.51,4.24E-03,-6.855,,,
11.52,4.23E-03,-6.849,,,
11.53,4.23E-03,-6.843,,,
11.54,4.22E-03,-6.837,,,
11.55,4.21E-03,-6.831,,,
11.56,4.21E-03,-6.825,,,
11.57,4.20E-03,-6.819,,,
11.58,4.20E-03,-6.813,,,
11.59,4.19E-03,-6.807,,,
11.6,4.18E-03,-6.801,,,
11.61,4.18E-03,-6.796,,,
11.62,4.17E-03,-6.79,,,
11.63,4.16E-03,-6.784,,,
11.64,4.16E-03,-6.778,,,
11.65,4.15E-03,-6.772,,,
11.66,4.14E-03,-6.766,,,
11.67,4.14E-03,-6.761,,,
11.68,4.13E-03,-6.755,,,
11.69,4.13E-03,-6.749,,,
11.7,4.12E-03,-6.743,,,
11.71,4.11E-03,-6.737,,,
11.72,4.11E-03,-6.732,,,
11.73,4.10E-03,-6.726,,,
11.74,4.09E-03,-6.72,,,
11.75,4.09E-03,-6.714,,,
11.76,4.08E-03,-6.709,,,
11.77,4.08E-03,-6.703,,,
11.78,4.07E-03,-6.697,,,
11.79,4.06E-03,-6.692,,,
11.8,4.06E-03,-6.686,,,
11.81,4.05E-03,-6.68,,,
11.82,4.05E-03,-6.675,,,
11.83,4.04E-03,-6.669,,,
11.84,4.03E-03,-6.663,,,
11.85,4.03E-03,-6.658,,,
11.86,4.02E-03,-6.652,,,
11.87,4.02E-03,-6.646,,,
11.88,4.01E-03,-6.641,,,
11.89,4.00E-03,-6.635,,,
11.9,4.00E-03,-6.63,,,
11.91,3.99E-03,-6.624,,,
11.92,3.99E-03,-6.619,,,
11.93,3.98E-03,-6.613,,,
11.94,3.97E-03,-6.607,,,
11.95,3.97E-03,-6.602,,,
11.96,3.96E-03,-6.596,,,
11.97,3.96E-03,-6.591,,,
11.98,3.95E-03,-6.585,,,
11.99,3.94E-03,-6.58,,,
12,3.94E-03,-6.574,,,
12.01,3.93E-03,-6.569,,,
12.02,3.93E-03,-6.563,,,
12.03,3.92E-03,-6.558,,,
12.04,3.92E-03,-6.552,,,
12.05,3.91E-03,-6.547,,,
12.06,3.90E-03,-6.542,,,
12.07,3.90E-03,-6.536,,,
12.08,3.89E-03,-6.531,,,
12.09,3.89E-03,-6.525,,,
12.1,3.88E-03,-6.52,,,
12.11,3.87E-03,-6.515,,,
12.12,3.87E-03,-6.509,,,
12.13,3.86E-03,-6.504,,,
12.14,3.86E-03,-6.498,,,
12.15,3.85E-03,-6.493,,,
12.16,3.85E-03,-6.488,,,
12.17,3.84E-03,-6.482,,,
12.18,3.84E-03,-6.477,,,
12.19,3.83E-03,-6.472,,,
12.2,3.82E-03,-6.466,,,
12.21,3.82E-03,-6.461,,,
12.22,3.81E-03,-6.456,,,
12.23,3.81E-03,-6.451,,,
12.24,3.80E-03,-6.445,,,
12.25,3.80E-03,-6.44,,,
12.26,3.79E-03,-6.435,,,
12.27,3.78E-03,-6.429,,,
12.28,3.78E-03,-6.424,,,
12.29,3.77E-03,-6.419,,,
12.3,3.77E-03,-6.414,,,
12.31,3.76E-03,-6.409,,,
12.32,3.76E-03,-6.403,,,
12.33,3.75E-03,-6.398,,,
12.34,3.75E-03,-6.393,,,
12.35,3.74E-03,-6.388,,,
12.36,3.74E-03,-6.383,,,
12.37,3.73E-03,-6.377,,,
12.38,3.72E-03,-6.372,,,
12.39,3.72E-03,-6.367,,,
12.4,3.71E-03,-6.362,,,
12.41,3.71E-03,-6.357,,,
12.42,3.70E-03,-6.352,,,
12.43,3.70E-03,-6.347,,,
12.44,3.69E-03,-6.341,,,
12.45,3.69E-03,-6.336,,,
12.46,3.68E-03,-6.331,,,
12.47,3.68E-03,-6.326,,,
12.48,3.67E-03,-6.321,,,
12.49,3.67E-03,-6.316,,,
12.5,3.66E-03,-6.311,,,
12.51,3.66E-03,-6.306,,,
12.52,3.65E-03,-6.301,,,
12.53,3.65E-03,-6.296,,,
12.54,3.64E-03,-6.291,,,
12.55,3.63E-03,-6.286,,,
12.56,3.63E-03,-6.281,,,
12.57,3.62E-03,-6.276,,,
12.58,3.62E-03,-6.271,,,
12.59,3.61E-03,-6.266,,,
12.6,3.61E-03,-6.261,,,
12.61,3.60E-03,-6.256,,,
12.62,3.60E-03,-6.251,,,
12.63,3.59E-03,-6.246,,,
12.64,3.59E-03,-6.241,,,
12.65,3.58E-03,-6.236,,,
12.66,3.58E-03,-6.231,,,
12.67,3.57E-03,-6.226,,,
12.68,3.57E-03,-6.221,,,
12.69,3.56E-03,-6.216,,,
12.7,3.56E-03,-6.211,,,
12.71,3.55E-03,-6.207,,,
12.72,3.55E-03,-6.202,,,
12.73,3.54E-03,-6.197,,,
12.74,3.54E-03,-6.192,,,
12.75,3.53E-03,-6.187,,,
12.76,3.53E-03,-6.182,,,
12.77,3.52E-03,-6.177,,,
12.78,3.52E-03,-6.173,,,
12.79,3.51E-03,-6.168,,,
12.8,3.51E-03,-6.163,,,
12.81,3.50E-03,-6.158,,,
12.82,3.50E-03,-6.153,,,
12.83,3.49E-03,-6.148,,,
12.84,3.49E-03,-6.144,,,
12.85,3.48E-03,-6.139,,,
12.86,3.48E-03,-6.134,,,
12.87,3.47E-03,-6.129,,,
12.88,3.47E-03,-6.125,,,
12.89,3.46E-03,-6.12,,,
12.9,3.46E-03,-6.115,,,
12.91,3.45E-03,-6.11,,,
12.92,3.45E-03,-6.106,,,
12.93,3.44E-03,-6.101,,,
12.94,3.44E-03,-6.096,,,
12.95,3.43E-03,-6.091,,,
12.96,3.43E-03,-6.087,,,
12.97,3.42E-03,-6.082,,,
12.98,3.42E-03,-6.077,,,
12.99,3.42E-03,-6.073,,,
13,3.41E-03,-6.068,,,
13.01,3.41E-03,-6.063,,,
13.02,3.40E-03,-6.059,,,
13.03,3.40E-03,-6.054,,,
13.04,3.39E-03,-6.049,,,
13.05,3.39E-03,-6.045,,,
13.06,3.38E-03,-6.04,,,
13.07,3.38E-03,-6.035,,,
13.08,3.37E-03,-6.031,,,
13.09,3.37E-03,-6.026,,,
13.1,3.36E-03,-6.022,,,
13.11,3.36E-03,-6.017,,,
13.12,3.35E-03,-6.012,,,
13.13,3.35E-03,-6.008,,,
13.14,3.35E-03,-6.003,,,
13.15,3.34E-03,-5.999,,,
13.16,3.34E-03,-5.994,,,
13.17,3.33E-03,-5.99,,,
13.18,3.33E-03,-5.985,,,
13.19,3.32E-03,-5.98,,,
13.2,3.32E-03,-5.976,,,
13.21,3.31E-03,-5.971,,,
13.22,3.31E-03,-5.967,,,
13.23,3.30E-03,-5.962,,,
13.24,3.30E-03,-5.958,,,
13.25,3.29E-03,-5.953,,,
13.26,3.29E-03,-5.949,,,
13.27,3.29E-03,-5.944,,,
13.28,3.28E-03,-5.94,,,
13.29,3.28E-03,-5.935,,,
13.3,3.27E-03,-5.931,,,
13.31,3.27E-03,-5.926,,,
13.32,3.26E-03,-5.922,,,
13.33,3.26E-03,-5.918,,,
13.34,3.25E-03,-5.913,,,
13.35,3.25E-03,-5.909,,,
13.36,3.25E-03,-5.904,,,
13.37,3.24E-03,-5.9,,,
13.38,3.24E-03,-5.895,,,
13.39,3.23E-03,-5.891,,,
13.4,3.23E-03,-5.887,,,
13.41,3.22E-03,-5.882,,,
13.42,3.22E-03,-5.878,,,
13.43,3.21E-03,-5.873,,,
13.44,3.21E-03,-5.869,,,
13.45,3.21E-03,-5.865,,,
13.46,3.20E-03,-5.86,,,
13.47,3.20E-03,-5.856,,,
13.48,3.19E-03,-5.852,,,
13.49,3.19E-03,-5.847,,,
13.5,3.18E-03,-5.843,,,
13.51,3.18E-03,-5.839,,,
13.52,3.18E-03,-5.834,,,
13.53,3.17E-03,-5.83,,,
13.54,3.17E-03,-5.826,,,
13.55,3.16E-03,-5.821,,,
13.56,3.16E-03,-5.817,,,
13.57,3.15E-03,-5.813,,,
13.58,3.15E-03,-5.808,,,
13.59,3.15E-03,-5.804,,,
13.6,3.14E-03,-5.8,,,
13.61,3.14E-03,-5.796,,,
13.62,3.13E-03,-5.791,,,
13.63,3.13E-03,-5.787,,,
13.64,3.13E-03,-5.783,,,
13.65,3.12E-03,-5.779,,,
13.66,3.12E-03,-5.774,,,
13.67,3.11E-03,-5.77,,,
13.68,3.11E-03,-5.766,,,
13.69,3.10E-03,-5.762,,,
13.7,3.10E-03,-5.758,,,
13.71,3.10E-03,-5.753,,,
13.72,3.09E-03,-5.749,,,
13.73,3.09E-03,-5.745,,,
13.74,3.08E-03,-5.741,,,
13.75,3.08E-03,-5.737,,,
13.76,3.08E-03,-5.732,,,
13.77,3.07E-03,-5.728,,,
13.78,3.07E-03,-5.724,,,
13.79,3.06E-03,-5.72,,,
13.8,3.06E-03,-5.716,,,
13.81,3.06E-03,-5.712,,,
13.82,3.05E-03,-5.707,,,
13.83,3.05E-03,-5.703,,,
13.84,3.04E-03,-5.699,,,
13.85,3.04E-03,-5.695,,,
13.86,3.03E-03,-5.691,,,
13.87,3.03E-03,-5.687,,,
13.88,3.03E-03,-5.683,,,
13.89,3.02E-03,-5.679,,,
13.9,3.02E-03,-5.675,,,
13.91,3.01E-03,-5.671,,,
13.92,3.01E-03,-5.666,,,
13.93,3.01E-03,-5.662,,,
13.94,3.00E-03,-5.658,,,
13.95,3.00E-03,-5.654,,,
13.96,3.00E-03,-5.65,,,
13.97,2.99E-03,-5.646,,,
13.98,2.99E-03,-5.642,,,
13.99,2.98E-03,-5.638,,,
14,2.98E-03,-5.634,,,
14.01,2.98E-03,-5.63,,,
14.02,2.97E-03,-5.626,,,
14.03,2.97E-03,-5.622,,,
14.04,2.96E-03,-5.618,,,
14.05,2.96E-03,-5.614,,,
14.06,2.96E-03,-5.61,,,
14.07,2.95E-03,-5.606,,,
14.08,2.95E-03,-5.602,,,
14.09,2.94E-03,-5.598,,,
14.1,2.94E-03,-5.594,,,
14.11,2.94E-03,-5.59,,,
14.12,2.93E-03,-5.586,,,
14.13,2.93E-03,-5.582,,,
14.14,2.93E-03,-5.578,,,
14.15,2.92E-03,-5.574,,,
14.16,2.92E-03,-5.57,,,
14.17,2.91E-03,-5.566,,,
14.18,2.91E-03,-5.562,,,
14.19,2.91E-03,-5.559,,,
14.2,2.90E-03,-5.555,,,
14.21,2.90E-03,-5.551,,,
14.22,2.90E-03,-5.547,,,
14.23,2.89E-03,-5.543,,,
14.24,2.89E-03,-5.539,,,
14.25,2.88E-03,-5.535,,,
14.26,2.88E-03,-5.531,,,
14.27,2.88E-03,-5.527,,,
14.28,2.87E-03,-5.523,,,
14.29,2.87E-03,-5.52,,,
14.3,2.87E-03,-5.516,,,
14.31,2.86E-03,-5.512,,,
14.32,2.86E-03,-5.508,,,
14.33,2.85E-03,-5.504,,,
14.34,2.85E-03,-5.5,,,
14.35,2.85E-03,-5.496,,,
14.36,2.84E-03,-5.493,,,
14.37,2.84E-03,-5.489,,,
14.38,2.84E-03,-5.485,,,
14.39,2.83E-03,-5.481,,,
14.4,2.83E-03,-5.477,,,
14.41,2.83E-03,-5.474,,,
14.42,2.82E-03,-5.47,,,
14.43,2.82E-03,-5.466,,,
14.44,2.81E-03,-5.462,,,
14.45,2.81E-03,-5.458,,,
14.46,2.81E-03,-5.455,,,
14.47,2.80E-03,-5.451,,,
14.48,2.80E-03,-5.447,,,
14.49,2.80E-03,-5.443,,,
14.5,2.79E-03,-5.44,,,
14.51,2.79E-03,-5.436,,,
14.52,2.79E-03,-5.432,,,
14.53,2.78E-03,-5.428,,,
14.54,2.78E-03,-5.425,,,
14.55,2.78E-03,-5.421,,,
14.56,2.77E-03,-5.417,,,
14.57,2.77E-03,-5.413,,,
14.58,2.76E-03,-5.41,,,
14.59,2.76E-03,-5.406,,,
14.6,2.76E-03,-5.402,,,
14.61,2.75E-03,-5.399,,,
14.62,2.75E-03,-5.395,,,
14.63,2.75E-03,-5.391,,,
14.64,2.74E-03,-5.387,,,
14.65,2.74E-03,-5.384,,,
14.66,2.74E-03,-5.38,,,
14.67,2.73E-03,-5.376,,,
14.68,2.73E-03,-5.373,,,
14.69,2.73E-03,-5.369,,,
14.7,2.72E-03,-5.365,,,
14.71,2.72E-03,-5.362,,,
14.72,2.72E-03,-5.358,,,
14.73,2.71E-03,-5.355,,,
14.74,2.71E-03,-5.351,,,
14.75,2.71E-03,-5.347,,,
14.76,2.70E-03,-5.344,,,
14.77,2.70E-03,-5.34,,,
14.78,2.70E-03,-5.336,,,
14.79,2.69E-03,-5.333,,,
14.8,2.69E-03,-5.329,,,
14.81,2.69E-03,-5.326,,,
14.82,2.68E-03,-5.322,,,
14.83,2.68E-03,-5.318,,,
14.84,2.68E-03,-5.315,,,
14.85,2.67E-03,-5.311,,,
14.86,2.67E-03,-5.308,,,
14.87,2.67E-03,-5.304,,,
14.88,2.66E-03,-5.301,,,
14.89,2.66E-03,-5.297,,,
14.9,2.66E-03,-5.293,,,
14.91,2.65E-03,-5.29,,,
14.92,2.65E-03,-5.286,,,
14.93,2.65E-03,-5.283,,,
14.94,2.64E-03,-5.279,,,
14.95,2.64E-03,-5.276,,,
14.96,2.64E-03,-5.272,,,
14.97,2.63E-03,-5.269,,,
14.98,2.63E-03,-5.265,,,
14.99,2.63E-03,-5.262,,,
15,2.62E-03,-5.258,,,
